{"id":"f4319bbf7f2b","name":"Music Player","description":"The music tracks are gracefully given by @PSp4cesh 👏","userName":"didier abder","email":"contact@zyllio.com","lastUpdated":"2024-07-08T15:05:49.987Z","screens":[{"id":"2","label":"Accueil","htmlContent":"<zyllio-image style=\"--background-color: rgba(0,0,0,0); --padding: 10px; --border-width: 0px; --border-color: #a8b9c4ff; --border-radius: 10px;\" id=\"385315\" data-display-condition=\"{&quot;type&quot;:&quot;condition&quot;,&quot;condition&quot;:{&quot;rule&quot;:&quot;and&quot;,&quot;criteria&quot;:[]}}\" data-image=\"{&quot;type&quot;:&quot;static&quot;,&quot;value&quot;:&quot;./api/applications/f4319bbf7f2b/assets/logo.png&quot;}\" data-size=\"{&quot;type&quot;:&quot;static&quot;,&quot;value&quot;:&quot;Medium&quot;}\" data-image-layout=\"{&quot;type&quot;:&quot;static&quot;,&quot;value&quot;:&quot;Portrait&quot;}\" data-profile=\"{&quot;type&quot;:&quot;static&quot;,&quot;value&quot;:&quot;false&quot;}\" data-action=\"{&quot;type&quot;:&quot;action&quot;,&quot;actionFlow&quot;:{&quot;firstStepId&quot;:&quot;&quot;,&quot;actionSteps&quot;:[]}}\" class=\"\"></zyllio-image><zyllio-text style=\"--horizontal-align: center;--vertical-align: center;--text-decoration: none;--font-size: 25px;--font-weight: normal;--font-style: normal;--color: var(--theme-text-color);--background-color: #ffffff00;--background-image: none;--padding: 0;--border-width: 0px;--border-color: rgba(0,0,0,1);--border-radius: 0px;\" id=\"610578\" data-text=\"{&quot;type&quot;:&quot;static&quot;,&quot;value&quot;:&quot;Voyagez à travers mes créations mélancoliques et envoûtantes &quot;}\" data-size=\"{&quot;type&quot;:&quot;static&quot;,&quot;value&quot;:&quot;Medium&quot;}\" class=\"\"></zyllio-text><zyllio-button style=\"--button-width: 260px; --icon1: ; --icon2: ; --horizontal-align: center; --vertical-align: center; --text-decoration: none; --font-size: var(--theme-font-size); --font-weight: normal; --font-style: normal; --color: var(--theme-secondary-text-color); --background-color: var(--theme-secondary-color); --background-image: none; --border-width: 0px; --border-color: rgba(0,0,0,1); --border-radius: 25px; --box-shadow: 0 3px 1px -2px rgba(0,0,0,0.2),0 2px 2px 0 rgba(0,0,0,0.14),0 1px 5px 0 rgba(0,0,0,0.12);\" id=\"338393\" data-text=\"{&quot;type&quot;:&quot;static&quot;,&quot;value&quot;:&quot;DECOUVREZ&quot;}\" data-action=\"{&quot;type&quot;:&quot;action&quot;,&quot;actionFlow&quot;:{&quot;id&quot;:&quot;&quot;,&quot;firstStepId&quot;:&quot;&quot;,&quot;actionSteps&quot;:[]}}\" class=\"\" transition=\"1\"></zyllio-button><zyllio-button-outline style=\"--button-width: 260px; --icon1: ; --icon2: ; --horizontal-align: center; --vertical-align: center; --text-decoration: none; --font-size: var(--theme-font-size); --font-weight: bold; --font-style: normal; --color: var(--theme-text-color); --background-color: #00000000; --background-image: none; --border-width: 2px; --border-color: var(--theme-text-color); --border-radius: 25px; --box-shadow: none;\" id=\"248220\" data-text=\"{&quot;type&quot;:&quot;static&quot;,&quot;value&quot;:&quot;Contact&quot;}\" data-action=\"{&quot;type&quot;:&quot;action&quot;,&quot;actionFlow&quot;:{&quot;id&quot;:&quot;&quot;,&quot;firstStepId&quot;:&quot;&quot;,&quot;actionSteps&quot;:[]}}\" class=\"\" transition=\"3\"></zyllio-button-outline>","top":100,"left":140,"styles":[{"id":"display","value":"flex"},{"id":"flex-direction","value":"column"},{"id":"gap","value":"0px"},{"id":"width","value":"360px"},{"id":"height","value":"827px"},{"id":"background-color","value":"var(--theme-background-color)"},{"id":"background-image","value":"none"},{"id":"background-repeat","value":"no-repeat"},{"id":"icon","value":""}],"isFirst":true},{"id":"3","label":"Contact","htmlContent":"<zyllio-header style=\"--icon1: '\\f2ca'; --icon2: '\\f419'; --horizontal-align: center; --vertical-align: center; --text-decoration: none; --font-size: var(--theme-font-size); --font-weight: bold; --font-style: normal; --color: var(--theme-primary-text-color); --background-color: var(--theme-primary-color); --border-width: 0px; --border-color: rgba(0,0,0,1); --border-radius: 0px;\" id=\"833909\" data-text=\"{&quot;type&quot;:&quot;static&quot;,&quot;value&quot;:&quot;Contact&quot;}\" class=\"\"></zyllio-header><zyllio-label-text style=\"--horizontal-align: start; --vertical-align: flex-start; --text-decoration: none; --font-size: var(--theme-font-size); --font-weight: normal; --font-style: normal; --color: var(--theme-text-color); --background-color: #ffffff00; --background-image: none; --padding: 0; --border-width: 0px; --border-color: rgba(0,0,0,1); --border-radius: 0px;\" id=\"637580\" data-display-condition=\"{&quot;type&quot;:&quot;condition&quot;,&quot;condition&quot;:{&quot;rule&quot;:&quot;and&quot;,&quot;criteria&quot;:[]}}\" data-text=\"{&quot;type&quot;:&quot;static&quot;,&quot;value&quot;:&quot;Trap,  House et Quirky Pop&quot;}\" data-size=\"{&quot;type&quot;:&quot;static&quot;,&quot;value&quot;:&quot;Auto&quot;}\" data-label=\"{&quot;type&quot;:&quot;static&quot;,&quot;value&quot;:&quot;Mes genres&quot;}\" class=\"\"></zyllio-label-text><zyllio-label-text style=\"--horizontal-align: start; --vertical-align: flex-start; --text-decoration: none; --font-size: var(--theme-font-size); --font-weight: normal; --font-style: normal; --color: var(--theme-text-color); --background-color: #ffffff00; --background-image: none; --padding: 0; --border-width: 0px; --border-color: rgba(0,0,0,1); --border-radius: 0px;\" id=\"428282\" data-display-condition=\"{&quot;type&quot;:&quot;condition&quot;,&quot;condition&quot;:{&quot;rule&quot;:&quot;and&quot;,&quot;criteria&quot;:[]}}\" data-text=\"{&quot;type&quot;:&quot;static&quot;,&quot;value&quot;:&quot;J’aime beaucoup mélanger les styles, utiliser des instruments qu’on entend pas partout (j’aime beaucoup la cithare par exemple). J’adore utiliser les instruments à vent et les cordes orchestrales pour donner un côté plus organique à ma musique.&quot;}\" data-size=\"{&quot;type&quot;:&quot;static&quot;,&quot;value&quot;:&quot;Auto&quot;}\" data-label=\"{&quot;type&quot;:&quot;static&quot;,&quot;value&quot;:&quot;Ma personnalité musicale&quot;}\" class=\"\"></zyllio-label-text><zyllio-footer style=\"--color: var(--theme-text-color); --background-color: var(--theme-background-color); --border-width: 0px; --border-color: rgba(0,0,0,1); --border-radius: 0px; --box-shadow: none; --icon1: '\\f217';\" id=\"780664\" data-display-button=\"{&quot;type&quot;:&quot;static&quot;,&quot;value&quot;:&quot;false&quot;}\" data-action=\"{&quot;type&quot;:&quot;action&quot;,&quot;actionFlow&quot;:{&quot;id&quot;:&quot;&quot;,&quot;firstStepId&quot;:&quot;&quot;,&quot;actionSteps&quot;:[]}}\" data-screens=\"{&quot;type&quot;:&quot;screens&quot;,&quot;screenIds&quot;:[&quot;1&quot;,&quot;3&quot;]}\" class=\"\" data-display-condition=\"{&quot;type&quot;:&quot;condition&quot;,&quot;condition&quot;:{&quot;id&quot;:&quot;&quot;,&quot;name&quot;:&quot;&quot;,&quot;rule&quot;:&quot;and&quot;,&quot;criteria&quot;:[]}}\" data-display-labels=\"{&quot;type&quot;:&quot;static&quot;,&quot;value&quot;:&quot;true&quot;}\"></zyllio-footer><zyllio-label-text style=\"--horizontal-align: start; --vertical-align: flex-start; --text-decoration: none; --font-size: var(--theme-font-size); --font-weight: normal; --font-style: normal; --color: var(--theme-text-color); --background-color: #ffffff00; --background-image: none; --padding: 0; --border-width: 0px; --border-color: rgba(0,0,0,1); --border-radius: 0px;\" id=\"474009\" data-display-condition=\"{&quot;type&quot;:&quot;condition&quot;,&quot;condition&quot;:{&quot;rule&quot;:&quot;and&quot;,&quot;criteria&quot;:[]}}\" data-text=\"{&quot;type&quot;:&quot;static&quot;,&quot;value&quot;:&quot;Je fais beaucoup de musiques mélancoliques (comme Mescaline ou HIM), des musiques un peu planantes/envoûtantes (comme Weightless ou Can We Go For A Drive ?) et de temps en temps je fais des trucs différents comme de la superPop, retroPop, synthwave, funk… &quot;}\" data-size=\"{&quot;type&quot;:&quot;static&quot;,&quot;value&quot;:&quot;Auto&quot;}\" data-label=\"{&quot;type&quot;:&quot;static&quot;,&quot;value&quot;:&quot;Mon style&quot;}\" class=\"\"></zyllio-label-text><zyllio-contact-twitter style=\"--background-color: #ffffff00;--color: var(--theme-text-color);--button-border-radius: 25px;--button-background-color: #1da1f2;--button-box-shadow: 0 3px 1px -2px rgba(0,0,0,0.2),0 2px 2px 0 rgba(0,0,0,0.14),0 1px 5px 0 rgba(0,0,0,0.12);\" id=\"352106\" data-reference=\"{&quot;type&quot;:&quot;static&quot;,&quot;value&quot;:&quot;PSp4cesh&quot;}\" data-label=\"{&quot;type&quot;:&quot;static&quot;,&quot;value&quot;:&quot;Mon twitter&quot;}\" class=\"\" data-display-condition=\"{&quot;type&quot;:&quot;condition&quot;,&quot;condition&quot;:{&quot;id&quot;:&quot;&quot;,&quot;name&quot;:&quot;&quot;,&quot;rule&quot;:&quot;and&quot;,&quot;criteria&quot;:[]}}\" data-hide-reference=\"{&quot;type&quot;:&quot;static&quot;,&quot;value&quot;:&quot;true&quot;}\"></zyllio-contact-twitter><zyllio-contact-website style=\"--background-color: #ffffff00;--color: var(--theme-text-color);--button-border-radius: 25px;--button-background-color: #a99927;--button-box-shadow: 0 3px 1px -2px rgba(0,0,0,0.2),0 2px 2px 0 rgba(0,0,0,0.14),0 1px 5px 0 rgba(0,0,0,0.12);\" id=\"016326\" data-reference=\"{&quot;type&quot;:&quot;static&quot;,&quot;value&quot;:&quot;https://www.bandlab.com/space_music_profile&quot;}\" data-label=\"{&quot;type&quot;:&quot;static&quot;,&quot;value&quot;:&quot;Mon bandlab&quot;}\" class=\"\" data-display-condition=\"{&quot;type&quot;:&quot;condition&quot;,&quot;condition&quot;:{&quot;id&quot;:&quot;&quot;,&quot;name&quot;:&quot;&quot;,&quot;rule&quot;:&quot;and&quot;,&quot;criteria&quot;:[]}}\" data-hide-reference=\"{&quot;type&quot;:&quot;static&quot;,&quot;value&quot;:&quot;true&quot;}\"></zyllio-contact-website>","top":100,"left":2030,"styles":[{"id":"display","value":"flex"},{"id":"flex-direction","value":"column"},{"id":"gap","value":"0px"},{"id":"width","value":"360px"},{"id":"height","value":"827px"},{"id":"background-color","value":"var(--theme-background-color)"},{"id":"background-image","value":"none"},{"id":"background-repeat","value":"no-repeat"},{"id":"icon","value":"'\\f10f'"}],"isFirst":false},{"id":"4","label":"Détails","htmlContent":"<zyllio-header style=\"--icon1: '\\f2ca'; --icon2: '\\f419'; --horizontal-align: center; --vertical-align: center; --text-decoration: none; --font-size: var(--theme-font-size); --font-weight: bold; --font-style: normal; --color: var(--theme-primary-text-color); --background-color: var(--theme-primary-color); --border-width: 0px; --border-color: rgba(0,0,0,1); --border-radius: 0px;\" id=\"380928\" data-text=\"{&quot;type&quot;:&quot;row-column-variable&quot;,&quot;columnVariable&quot;:{&quot;name&quot;:&quot;Playlist&quot;,&quot;field&quot;:&quot;Nom&quot;}}\" class=\"\"></zyllio-header><zyllio-image style=\"--background-color: rgba(0,0,0,0);--padding: 10px;\" id=\"684814\" data-image=\"{&quot;type&quot;:&quot;row-column-variable&quot;,&quot;columnVariable&quot;:{&quot;name&quot;:&quot;Playlist&quot;,&quot;field&quot;:&quot;Image&quot;}}\" data-size=\"{&quot;type&quot;:&quot;static&quot;,&quot;value&quot;:&quot;Medium&quot;}\" data-profile=\"{&quot;type&quot;:&quot;static&quot;,&quot;value&quot;:&quot;false&quot;}\" data-action=\"{&quot;type&quot;:&quot;action&quot;,&quot;actionFlow&quot;:{&quot;id&quot;:&quot;&quot;,&quot;firstStepId&quot;:&quot;&quot;,&quot;actionSteps&quot;:[]}}\" class=\"\"></zyllio-image><zyllio-audio style=\"\" id=\"748962\" data-value=\"{&quot;type&quot;:&quot;row-column-variable&quot;,&quot;columnVariable&quot;:{&quot;name&quot;:&quot;Playlist&quot;,&quot;field&quot;:&quot;Url&quot;}}\" class=\"\"></zyllio-audio><zyllio-label-text style=\"--horizontal-align: start; --vertical-align: flex-start; --text-decoration: none; --font-size: var(--theme-font-size); --font-weight: normal; --font-style: normal; --color: var(--theme-text-color); --background-color: #ffffff00; --background-image: none; --padding: 0; --border-width: 0px; --border-color: rgba(0,0,0,1); --border-radius: 0px;\" id=\"145132\" data-text=\"{&quot;type&quot;:&quot;row-column-variable&quot;,&quot;columnVariable&quot;:{&quot;name&quot;:&quot;Playlist&quot;,&quot;field&quot;:&quot;Nom&quot;}}\" data-size=\"{&quot;type&quot;:&quot;static&quot;,&quot;value&quot;:&quot;Tiny&quot;}\" class=\"\" data-display-condition=\"{&quot;type&quot;:&quot;condition&quot;,&quot;condition&quot;:{&quot;id&quot;:&quot;&quot;,&quot;name&quot;:&quot;&quot;,&quot;rule&quot;:&quot;and&quot;,&quot;criteria&quot;:[]}}\" data-label=\"{&quot;type&quot;:&quot;static&quot;,&quot;value&quot;:&quot;&quot;}\"></zyllio-label-text><zyllio-label-text style=\"--horizontal-align: start; --vertical-align: flex-start; --text-decoration: none; --font-size: var(--theme-font-size); --font-weight: normal; --font-style: normal; --color: var(--theme-text-color); --background-color: #ffffff00; --background-image: none; --padding: 0; --border-width: 0px; --border-color: rgba(0,0,0,1); --border-radius: 0px;\" id=\"416085\" data-text=\"{&quot;type&quot;:&quot;row-column-variable&quot;,&quot;columnVariable&quot;:{&quot;name&quot;:&quot;Playlist&quot;,&quot;field&quot;:&quot;Durée&quot;}}\" data-size=\"{&quot;type&quot;:&quot;static&quot;,&quot;value&quot;:&quot;Tiny&quot;}\" class=\"\" data-display-condition=\"{&quot;type&quot;:&quot;condition&quot;,&quot;condition&quot;:{&quot;id&quot;:&quot;&quot;,&quot;name&quot;:&quot;&quot;,&quot;rule&quot;:&quot;and&quot;,&quot;criteria&quot;:[]}}\" data-label=\"{&quot;type&quot;:&quot;static&quot;,&quot;value&quot;:&quot;&quot;}\"></zyllio-label-text><zyllio-progress style=\"--icon1: '\\f2fc';--color: var(--theme-text-color);--background-color: var(--theme-tertiary-color);--fill-color: var(--theme-secondary-color);\" id=\"779995\" data-value=\"{&quot;type&quot;:&quot;row-column-variable&quot;,&quot;columnVariable&quot;:{&quot;field&quot;:&quot;Evaluation&quot;,&quot;name&quot;:&quot;Playlist&quot;}}\" data-maximum=\"{&quot;type&quot;:&quot;static&quot;,&quot;value&quot;:5}\" data-shape=\"{&quot;type&quot;:&quot;static&quot;,&quot;value&quot;:&quot;Icons&quot;}\" class=\"\" data-display-condition=\"{&quot;type&quot;:&quot;condition&quot;,&quot;condition&quot;:{&quot;id&quot;:&quot;&quot;,&quot;name&quot;:&quot;&quot;,&quot;rule&quot;:&quot;and&quot;,&quot;criteria&quot;:[]}}\" data-label=\"{&quot;type&quot;:&quot;static&quot;,&quot;value&quot;:&quot;&quot;}\"></zyllio-progress><zyllio-button style=\"--button-width: 260px; --icon1: ; --icon2: ; --horizontal-align: center; --vertical-align: center; --text-decoration: none; --font-size: var(--theme-font-size); --font-weight: normal; --font-style: normal; --color: var(--theme-secondary-text-color); --background-color: var(--theme-secondary-color); --background-image: none; --border-width: 0px; --border-color: rgba(0,0,0,1); --border-radius: 25px; --box-shadow: 0 3px 1px -2px rgba(0,0,0,0.2),0 2px 2px 0 rgba(0,0,0,0.14),0 1px 5px 0 rgba(0,0,0,0.12);\" id=\"260373\" data-text=\"{&quot;type&quot;:&quot;static&quot;,&quot;value&quot;:&quot;Plus de détails&quot;}\" data-action=\"{&quot;type&quot;:&quot;action&quot;,&quot;actionFlow&quot;:{&quot;id&quot;:&quot;&quot;,&quot;firstStepId&quot;:&quot;&quot;,&quot;actionSteps&quot;:[]}}\" class=\"\" transition=\"5\"></zyllio-button>","top":100,"left":1070,"styles":[{"id":"display","value":"flex"},{"id":"flex-direction","value":"column"},{"id":"gap","value":"0px"},{"id":"width","value":"360px"},{"id":"height","value":"827px"},{"id":"background-color","value":"var(--theme-background-color)"},{"id":"background-image","value":"none"},{"id":"background-repeat","value":"no-repeat"},{"id":"icon","value":""}],"isFirst":false},{"id":"1","label":"Playlist","htmlContent":"<zyllio-header style=\"--icon1: '\\f2ca'; --icon2: '\\f419'; --horizontal-align: center; --vertical-align: center; --text-decoration: none; --font-size: var(--theme-font-size); --font-weight: bold; --font-style: normal; --color: var(--theme-primary-text-color); --background-color: var(--theme-primary-color); --border-width: 0px; --border-color: rgba(0,0,0,1); --border-radius: 0px;\" id=\"030557\" data-text=\"{&quot;type&quot;:&quot;static&quot;,&quot;value&quot;:&quot;Salade composée&quot;}\" class=\"\" data-display-button=\"{&quot;type&quot;:&quot;static&quot;,&quot;value&quot;:&quot;false&quot;}\" data-action=\"{&quot;type&quot;:&quot;action&quot;,&quot;actionFlow&quot;:{&quot;id&quot;:&quot;&quot;,&quot;firstStepId&quot;:&quot;&quot;,&quot;actionSteps&quot;:[]}}\"></zyllio-header><zyllio-footer style=\"--color: var(--theme-text-color); --background-color: var(--theme-background-color); --border-width: 0px; --border-color: rgba(0,0,0,1); --border-radius: 0px; --box-shadow: none; --icon1: '\\f217';\" id=\"459901\" data-display-button=\"{&quot;type&quot;:&quot;static&quot;,&quot;value&quot;:&quot;false&quot;}\" data-action=\"{&quot;type&quot;:&quot;action&quot;,&quot;actionFlow&quot;:{&quot;id&quot;:&quot;&quot;,&quot;firstStepId&quot;:&quot;&quot;,&quot;actionSteps&quot;:[]}}\" data-screens=\"{&quot;type&quot;:&quot;screens&quot;,&quot;screenIds&quot;:[&quot;1&quot;,&quot;3&quot;]}\" class=\"\" data-display-condition=\"{&quot;type&quot;:&quot;condition&quot;,&quot;condition&quot;:{&quot;id&quot;:&quot;&quot;,&quot;name&quot;:&quot;&quot;,&quot;rule&quot;:&quot;and&quot;,&quot;criteria&quot;:[]}}\" data-display-labels=\"{&quot;type&quot;:&quot;static&quot;,&quot;value&quot;:&quot;true&quot;}\"></zyllio-footer><zyllio-grid style=\"--value-color: var(--theme-text-color); --value-font-size: var(--theme-font-size); --font-size: var(--theme-font-size); --horizontal-align: start; --padding: 10px; --color: #ffffff; --selected-color: #ffffff; --background-color: #00000050; --selected-background-color: #000000ba; --border-width: 0px; --border-color: #000000; --border-radius: 10px;\" id=\"318719\" data-value=\"{&quot;type&quot;:&quot;row-variable&quot;,&quot;tableId&quot;:&quot;5f07d49eb8fb&quot;,&quot;variableName&quot;:&quot;Playlist&quot;}\" data-table=\"{&quot;type&quot;:&quot;table&quot;,&quot;tableId&quot;:&quot;5f07d49eb8fb&quot;}\" data-title=\"{&quot;type&quot;:&quot;column&quot;,&quot;tableId&quot;:&quot;5f07d49eb8fb&quot;,&quot;columnName&quot;:&quot;&quot;}\" data-subtitle=\"{&quot;type&quot;:&quot;column&quot;,&quot;tableId&quot;:&quot;5f07d49eb8fb&quot;,&quot;columnName&quot;:&quot;&quot;}\" data-image=\"{&quot;type&quot;:&quot;column&quot;,&quot;tableId&quot;:&quot;5f07d49eb8fb&quot;,&quot;columnName&quot;:&quot;Image&quot;}\" data-items-per-row=\"{&quot;type&quot;:&quot;static&quot;,&quot;value&quot;:&quot;2&quot;}\" data-size=\"{&quot;type&quot;:&quot;static&quot;,&quot;value&quot;:&quot;Small&quot;}\" data-filter=\"{&quot;type&quot;:&quot;filter&quot;,&quot;tableId&quot;:&quot;5f07d49eb8fb&quot;,&quot;filter&quot;:{&quot;id&quot;:&quot;&quot;,&quot;name&quot;:&quot;&quot;,&quot;rule&quot;:&quot;and&quot;,&quot;criteria&quot;:[]}}\" data-sort=\"{&quot;type&quot;:&quot;sort&quot;,&quot;tableId&quot;:&quot;5f07d49eb8fb&quot;,&quot;columnName&quot;:&quot;Nom&quot;,&quot;asc&quot;:false}\" data-max-items=\"{&quot;type&quot;:&quot;static&quot;,&quot;value&quot;:&quot;30&quot;}\" data-profile=\"{&quot;type&quot;:&quot;static&quot;,&quot;value&quot;:&quot;false&quot;}\" data-display-badge=\"{&quot;type&quot;:&quot;static&quot;,&quot;value&quot;:&quot;false&quot;}\" class=\"\" transition=\"4\" data-display-condition=\"{&quot;type&quot;:&quot;condition&quot;,&quot;condition&quot;:{&quot;id&quot;:&quot;&quot;,&quot;name&quot;:&quot;&quot;,&quot;rule&quot;:&quot;and&quot;,&quot;criteria&quot;:[]}}\" data-label=\"{&quot;type&quot;:&quot;static&quot;,&quot;value&quot;:&quot;&quot;}\" data-image-layout=\"{&quot;type&quot;:&quot;static&quot;,&quot;value&quot;:&quot;Portrait&quot;}\"></zyllio-grid>","top":100,"left":590,"styles":[{"id":"display","value":"flex"},{"id":"flex-direction","value":"column"},{"id":"gap","value":"0px"},{"id":"width","value":"360px"},{"id":"height","value":"826px"},{"id":"background-color","value":"var(--theme-background-color)"},{"id":"background-image","value":"none"},{"id":"background-repeat","value":"no-repeat"},{"id":"icon","value":"'\\f391'"}],"isFirst":false},{"id":"5","label":"Plus de détails","htmlContent":"<zyllio-header style=\"--icon1: '\\f2ca'; --icon2: '\\f419'; --horizontal-align: center; --vertical-align: center; --text-decoration: none; --font-size: var(--theme-font-size); --font-weight: bold; --font-style: normal; --color: var(--theme-primary-text-color); --background-color: var(--theme-primary-color); --border-width: 0px; --border-color: rgba(0,0,0,1); --border-radius: 0px;\" id=\"380928\" data-text=\"{&quot;type&quot;:&quot;row-column-variable&quot;,&quot;columnVariable&quot;:{&quot;name&quot;:&quot;Playlist&quot;,&quot;field&quot;:&quot;Nom&quot;}}\" class=\"\"></zyllio-header><zyllio-image style=\"--background-color: rgba(0,0,0,0);--padding: 10px;\" id=\"684814\" data-image=\"{&quot;type&quot;:&quot;row-column-variable&quot;,&quot;columnVariable&quot;:{&quot;name&quot;:&quot;Playlist&quot;,&quot;field&quot;:&quot;Image&quot;}}\" data-size=\"{&quot;type&quot;:&quot;static&quot;,&quot;value&quot;:&quot;Medium&quot;}\" data-profile=\"{&quot;type&quot;:&quot;static&quot;,&quot;value&quot;:&quot;false&quot;}\" data-action=\"{&quot;type&quot;:&quot;action&quot;,&quot;actionFlow&quot;:{&quot;id&quot;:&quot;&quot;,&quot;firstStepId&quot;:&quot;&quot;,&quot;actionSteps&quot;:[]}}\" class=\"\"></zyllio-image><zyllio-label-text style=\"--horizontal-align: start; --vertical-align: flex-start; --text-decoration: none; --font-size: var(--theme-font-size); --font-weight: normal; --font-style: normal; --color: var(--theme-text-color); --background-color: #ffffff00; --background-image: none; --padding: 0; --border-width: 0px; --border-color: rgba(0,0,0,1); --border-radius: 0px;\" id=\"145132\" data-text=\"{&quot;type&quot;:&quot;row-column-variable&quot;,&quot;columnVariable&quot;:{&quot;name&quot;:&quot;Playlist&quot;,&quot;field&quot;:&quot;Nom&quot;}}\" data-size=\"{&quot;type&quot;:&quot;static&quot;,&quot;value&quot;:&quot;Tiny&quot;}\" class=\"\" data-display-condition=\"{&quot;type&quot;:&quot;condition&quot;,&quot;condition&quot;:{&quot;id&quot;:&quot;&quot;,&quot;name&quot;:&quot;&quot;,&quot;rule&quot;:&quot;and&quot;,&quot;criteria&quot;:[]}}\" data-label=\"{&quot;type&quot;:&quot;static&quot;,&quot;value&quot;:&quot;&quot;}\"></zyllio-label-text><zyllio-label-text style=\"--horizontal-align: start; --vertical-align: flex-start; --text-decoration: none; --font-size: var(--theme-font-size); --font-weight: normal; --font-style: normal; --color: var(--theme-text-color); --background-color: #ffffff00; --background-image: none; --padding: 0; --border-width: 0px; --border-color: rgba(0,0,0,1); --border-radius: 0px;\" id=\"416085\" data-text=\"{&quot;type&quot;:&quot;row-column-variable&quot;,&quot;columnVariable&quot;:{&quot;name&quot;:&quot;Playlist&quot;,&quot;field&quot;:&quot;Durée&quot;}}\" data-size=\"{&quot;type&quot;:&quot;static&quot;,&quot;value&quot;:&quot;Tiny&quot;}\" class=\"\" data-display-condition=\"{&quot;type&quot;:&quot;condition&quot;,&quot;condition&quot;:{&quot;id&quot;:&quot;&quot;,&quot;name&quot;:&quot;&quot;,&quot;rule&quot;:&quot;and&quot;,&quot;criteria&quot;:[]}}\" data-label=\"{&quot;type&quot;:&quot;static&quot;,&quot;value&quot;:&quot;&quot;}\"></zyllio-label-text><zyllio-label-text style=\"--horizontal-align: start; --vertical-align: flex-start; --text-decoration: none; --font-size: var(--theme-font-size); --font-weight: normal; --font-style: normal; --color: var(--theme-text-color); --background-color: #ffffff00; --background-image: none; --padding: 0; --border-width: 0px; --border-color: rgba(0,0,0,1); --border-radius: 0px;\" id=\"005240\" data-text=\"{&quot;type&quot;:&quot;row-column-variable&quot;,&quot;columnVariable&quot;:{&quot;name&quot;:&quot;Playlist&quot;,&quot;field&quot;:&quot;Genre&quot;}}\" data-size=\"{&quot;type&quot;:&quot;static&quot;,&quot;value&quot;:&quot;Tiny&quot;}\" class=\"\" data-display-condition=\"{&quot;type&quot;:&quot;condition&quot;,&quot;condition&quot;:{&quot;id&quot;:&quot;&quot;,&quot;name&quot;:&quot;&quot;,&quot;rule&quot;:&quot;and&quot;,&quot;criteria&quot;:[]}}\" data-label=\"{&quot;type&quot;:&quot;static&quot;,&quot;value&quot;:&quot;&quot;}\"></zyllio-label-text><zyllio-label-text style=\"--horizontal-align: start; --vertical-align: flex-start; --text-decoration: none; --font-size: var(--theme-font-size); --font-weight: normal; --font-style: normal; --color: var(--theme-text-color); --background-color: #ffffff00; --background-image: none; --padding: 0; --border-width: 0px; --border-color: rgba(0,0,0,1); --border-radius: 0px;\" id=\"879191\" data-text=\"{&quot;type&quot;:&quot;row-column-variable&quot;,&quot;columnVariable&quot;:{&quot;name&quot;:&quot;Playlist&quot;,&quot;field&quot;:&quot;Inspiration&quot;}}\" data-size=\"{&quot;type&quot;:&quot;static&quot;,&quot;value&quot;:&quot;Auto&quot;}\" class=\"\" data-display-condition=\"{&quot;type&quot;:&quot;condition&quot;,&quot;condition&quot;:{&quot;id&quot;:&quot;&quot;,&quot;name&quot;:&quot;&quot;,&quot;rule&quot;:&quot;and&quot;,&quot;criteria&quot;:[]}}\" data-label=\"{&quot;type&quot;:&quot;static&quot;,&quot;value&quot;:&quot;&quot;}\"></zyllio-label-text><zyllio-label-text style=\"--horizontal-align: start; --vertical-align: flex-start; --text-decoration: none; --font-size: var(--theme-font-size); --font-weight: normal; --font-style: normal; --color: var(--theme-text-color); --background-color: #ffffff00; --background-image: none; --padding: 0; --border-width: 0px; --border-color: rgba(0,0,0,1); --border-radius: 0px;\" id=\"192732\" data-text=\"{&quot;type&quot;:&quot;row-column-variable&quot;,&quot;columnVariable&quot;:{&quot;name&quot;:&quot;Playlist&quot;,&quot;field&quot;:&quot;Description&quot;}}\" data-size=\"{&quot;type&quot;:&quot;static&quot;,&quot;value&quot;:&quot;Tiny&quot;}\" class=\"\" data-display-condition=\"{&quot;type&quot;:&quot;condition&quot;,&quot;condition&quot;:{&quot;id&quot;:&quot;&quot;,&quot;name&quot;:&quot;&quot;,&quot;rule&quot;:&quot;and&quot;,&quot;criteria&quot;:[]}}\" data-label=\"{&quot;type&quot;:&quot;static&quot;,&quot;value&quot;:&quot;&quot;}\"></zyllio-label-text>","top":100,"left":1550,"styles":[{"id":"display","value":"flex"},{"id":"flex-direction","value":"column"},{"id":"gap","value":"0px"},{"id":"width","value":"360px"},{"id":"height","value":"827px"},{"id":"background-color","value":"var(--theme-background-color)"},{"id":"background-image","value":"none"},{"id":"background-repeat","value":"no-repeat"},{"id":"icon","value":""}],"isFirst":false}],"tables":[{"id":"5f07d49eb8fb","name":"Playlist","type":"internal","columns":[{"name":"Nom","type":"text","relation":{}},{"name":"Url","type":"url","relation":{}},{"name":"Durée","type":"text","relation":{}},{"name":"Image","type":"image","relation":{}},{"name":"Inspiration","type":"text","relation":{}},{"name":"Description","type":"text","relation":{}},{"name":"Genre","type":"text","relation":{}},{"name":"Evaluation","type":"number","relation":{}}],"position":{"top":295.85714285714283,"left":604.2857142857143}}],"zoom":0.6000000000000001,"plugins":{"plugins":[]},"theme":{"primaryColor":"rgba(93,16,73,0)","primaryTextColor":"#ffffff","secondaryColor":"rgba(144,189,69,1)","secondaryTextColor":"#ffffff","tertiaryColor":"rgba(255,255,255,0.052)","tertiaryTextColor":"#ffffff","backgroundColor":"#170433ff","textColor":"#ffffff","rtl":false,"fontFamily":"Roboto","fontSize":"16px"},"security":{"apiKey":"f32ccca01b5d1f6i608682ba1p2lakp44453"},"settings":{"pwa":{"url":"https://zyllio.app/apps/f4319bbf7f2b/"},"native":{"appId":"music","appName":"music ","appVersion":1013},"zapier":{"enabled":false,"apiKey":"f32ccca01b5d473i52h2hmgh2e9o3gpi9e6"},"airtable":{"enabled":false,"apiKey":"","database":"","token":""},"stripe":{"enabled":false,"token":"","publicKey":"","production":false,"currency":"USD"},"integromat":{"enabled":false,"apiKey":"1ff96552d206iehd3khie67i62o5g85m5cdj"},"notion":{"enabled":false,"apiKey":"","database":""},"spreadsheet":{"enabled":false,"apiKey":"","database":""},"make":{"enabled":false,"apiKey":"f32ccca01b5dced4pii60dpfcg8e7dj5j7mm"},"twilio":{"enabled":false,"apiKey":"","account":""},"timetonic":{"enabled":false,"apiKey":"","userId":""},"gmail":{"enabled":false,"apiKey":""},"pushNotification":{"enabled":false},"customDomain":{"enabled":false,"domain":""},"rest":{"enabled":false,"configurations":[]},"openai":{"enabled":false,"apiKey":""},"offline":{"enabled":false},"googleFonts":{"enabled":false}},"cache":{"entries":{}},"host":"https://www.zyllio.one"}