{"id":"cfcbab54a4c3","name":"Pizza!","userName":"didier abder","email":"contact@zyllio.com","lastUpdated":"2024-07-08T21:36:31.037Z","screens":[{"id":"6","label":"Login","htmlContent":"<zyllio-image style=\"--background-color: rgba(0,0,0,0);--padding: 0;\" id=\"126186\" data-image=\"{&quot;type&quot;:&quot;static&quot;,&quot;value&quot;:&quot;./api/applications/cfcbab54a4c3/assets/logo.png&quot;}\" data-size=\"{&quot;type&quot;:&quot;static&quot;,&quot;value&quot;:&quot;Medium&quot;}\" data-profile=\"{&quot;type&quot;:&quot;static&quot;,&quot;value&quot;:&quot;false&quot;}\" data-action=\"{&quot;type&quot;:&quot;action&quot;,&quot;actionFlow&quot;:{&quot;id&quot;:&quot;&quot;,&quot;firstStepId&quot;:&quot;&quot;,&quot;actionSteps&quot;:[]}}\" class=\"\" data-display-condition=\"{&quot;type&quot;:&quot;condition&quot;,&quot;condition&quot;:{&quot;rule&quot;:&quot;and&quot;,&quot;criteria&quot;:[]}}\" data-image-layout=\"{&quot;type&quot;:&quot;static&quot;,&quot;value&quot;:&quot;Landscape&quot;}\"></zyllio-image><zyllio-text style=\"width: 360px;height: 60px;--horizontal-align: center;--vertical-align: center;--text-decoration: none;--font-size: 30px;--font-weight: bold;--font-style: normal;--color: var(--theme-text-color);--background-color: #ffffff00;--background-image: none;--padding: 0px;--border-width: 0px;--border-color: rgba(0,0,0,1);--border-radius: 0px;\" id=\"935695\" data-text=\"{&quot;type&quot;:&quot;static&quot;,&quot;value&quot;:&quot;Login&quot;}\" class=\"\" data-display-condition=\"{&quot;type&quot;:&quot;condition&quot;,&quot;condition&quot;:{&quot;rule&quot;:&quot;and&quot;,&quot;criteria&quot;:[]}}\" data-size=\"{&quot;type&quot;:&quot;static&quot;,&quot;value&quot;:&quot;Small&quot;}\"></zyllio-text><zyllio-form-email style=\"--font-size: var(--theme-font-size); --color: var(--theme-tertiary-text-color); --background-color: var(--theme-tertiary-color); --icon1: ; --icon2: ; --border-width: 0px; --border-color: #a8b9c4ff; --border-radius: 10px;\" id=\"741529\" data-display-condition=\"{&quot;type&quot;:&quot;condition&quot;,&quot;condition&quot;:{&quot;rule&quot;:&quot;and&quot;,&quot;criteria&quot;:[]}}\" data-value=\"{&quot;type&quot;:&quot;simple-variable&quot;,&quot;variableName&quot;:&quot;Email&quot;}\" data-default-value=\"{&quot;type&quot;:&quot;static&quot;,&quot;value&quot;:&quot;&quot;}\" data-label=\"{&quot;type&quot;:&quot;static&quot;,&quot;value&quot;:&quot;&quot;}\" data-required=\"{&quot;type&quot;:&quot;static&quot;,&quot;value&quot;:&quot;true&quot;}\" data-remember=\"{&quot;type&quot;:&quot;static&quot;,&quot;value&quot;:&quot;false&quot;}\" class=\"\"></zyllio-form-email><zyllio-form-password style=\"--font-size: var(--theme-font-size); --color: var(--theme-tertiary-text-color); --background-color: var(--theme-tertiary-color); --icon1: ; --icon2: ; --border-width: 0px; --border-color: #a8b9c4ff; --border-radius: 10px;\" id=\"103981\" data-display-condition=\"{&quot;type&quot;:&quot;condition&quot;,&quot;condition&quot;:{&quot;rule&quot;:&quot;and&quot;,&quot;criteria&quot;:[]}}\" data-value=\"{&quot;type&quot;:&quot;simple-variable&quot;,&quot;variableName&quot;:&quot;Password&quot;}\" data-default-value=\"{&quot;type&quot;:&quot;static&quot;,&quot;value&quot;:&quot;&quot;}\" data-label=\"{&quot;type&quot;:&quot;static&quot;,&quot;value&quot;:&quot;&quot;}\" data-required=\"{&quot;type&quot;:&quot;static&quot;,&quot;value&quot;:&quot;true&quot;}\" data-remember=\"{&quot;type&quot;:&quot;static&quot;,&quot;value&quot;:&quot;false&quot;}\" class=\"\"></zyllio-form-password><zyllio-button style=\"--button-width: 260px; --icon1: ; --icon2: ; --horizontal-align: center; --vertical-align: center; --text-decoration: none; --font-size: var(--theme-font-size); --font-weight: normal; --font-style: normal; --color: var(--theme-secondary-text-color); --background-color: var(--theme-secondary-color); --background-image: none; --border-width: 0px; --border-color: rgba(0,0,0,1); --border-radius: 10px; --box-shadow: 0 3px 1px -2px rgba(0,0,0,0.2),0 2px 2px 0 rgba(0,0,0,0.14),0 1px 5px 0 rgba(0,0,0,0.12);\" id=\"179887\" data-display-condition=\"{&quot;type&quot;:&quot;condition&quot;,&quot;condition&quot;:{&quot;rule&quot;:&quot;and&quot;,&quot;criteria&quot;:[]}}\" data-text=\"{&quot;type&quot;:&quot;static&quot;,&quot;value&quot;:&quot;ENTER&quot;}\" data-action=\"{&quot;type&quot;:&quot;action&quot;,&quot;actionFlow&quot;:{&quot;firstStepId&quot;:&quot;1&quot;,&quot;actionSteps&quot;:[{&quot;id&quot;:&quot;1&quot;,&quot;action&quot;:{&quot;id&quot;:&quot;login&quot;,&quot;name&quot;:&quot;Login&quot;,&quot;properties&quot;:[{&quot;id&quot;:&quot;value&quot;,&quot;name&quot;:&quot;Variable&quot;,&quot;value&quot;:{&quot;type&quot;:&quot;row-variable&quot;,&quot;variableName&quot;:&quot;User&quot;,&quot;tableId&quot;:&quot;aa6eccea-0dc7-317f-cd20-3f72b0f0bea1&quot;}},{&quot;id&quot;:&quot;table&quot;,&quot;name&quot;:&quot;Users table&quot;,&quot;value&quot;:{&quot;type&quot;:&quot;table&quot;,&quot;tableId&quot;:&quot;aa6eccea-0dc7-317f-cd20-3f72b0f0bea1&quot;}},{&quot;id&quot;:&quot;email&quot;,&quot;name&quot;:&quot;Email&quot;,&quot;value&quot;:{&quot;type&quot;:&quot;simple-variable&quot;,&quot;variableName&quot;:&quot;Email&quot;}},{&quot;id&quot;:&quot;password&quot;,&quot;name&quot;:&quot;Password&quot;,&quot;value&quot;:{&quot;type&quot;:&quot;simple-variable&quot;,&quot;variableName&quot;:&quot;Password&quot;}}]},&quot;transitions&quot;:[{&quot;id&quot;:&quot;complete&quot;}]}]}}\" class=\"\" transition=\"7\"></zyllio-button>","top":220,"left":160,"styles":[{"id":"display","value":"flex"},{"id":"flex-direction","value":"column"},{"id":"gap","value":"0px"},{"id":"width","value":"360px"},{"id":"height","value":"1000px"},{"id":"background-color","value":"var(--theme-background-color)"},{"id":"background-image","value":"none"},{"id":"background-repeat","value":"no-repeat"},{"id":"icon","value":"'\\f392'"},{"id":"overflow-x","value":"hidden"}],"isFirst":true},{"id":"10","label":"Order","htmlContent":"<zyllio-header style=\"--icon1: '\\f2ca'; --icon2: '\\f217'; --horizontal-align: center; --vertical-align: center; --text-decoration: none; --font-size: var(--theme-font-size); --font-weight: normal; --font-style: normal; --color: var(--theme-primary-text-color); --background-color: var(--theme-primary-color); --border-width: 0px; --border-color: rgba(0,0,0,1); --border-radius: 0px;\" id=\"714793\" data-display-condition=\"{&quot;type&quot;:&quot;condition&quot;,&quot;condition&quot;:{&quot;rule&quot;:&quot;and&quot;,&quot;criteria&quot;:[]}}\" data-text=\"{&quot;type&quot;:&quot;row-column-variable&quot;,&quot;columnVariable&quot;:{&quot;field&quot;:&quot;Pizza&quot;,&quot;name&quot;:&quot;Order&quot;}}\" data-display-button=\"{&quot;type&quot;:&quot;static&quot;,&quot;value&quot;:&quot;false&quot;}\" data-action=\"{&quot;type&quot;:&quot;action&quot;,&quot;actionFlow&quot;:{&quot;firstStepId&quot;:&quot;&quot;,&quot;actionSteps&quot;:[]}}\" class=\"\"></zyllio-header><zyllio-image style=\"--background-color: rgba(0,0,0,0); --padding: 10px; --border-width: 0px; --border-color: #a8b9c4ff; --border-radius: 10px;\" id=\"846112\" data-display-condition=\"{&quot;type&quot;:&quot;condition&quot;,&quot;condition&quot;:{&quot;rule&quot;:&quot;and&quot;,&quot;criteria&quot;:[]}}\" data-image=\"{&quot;type&quot;:&quot;row-column-variable&quot;,&quot;columnVariable&quot;:{&quot;field&quot;:&quot;Image&quot;,&quot;name&quot;:&quot;Order&quot;}}\" data-size=\"{&quot;type&quot;:&quot;static&quot;,&quot;value&quot;:&quot;Medium&quot;}\" data-image-layout=\"{&quot;type&quot;:&quot;static&quot;,&quot;value&quot;:&quot;Portrait&quot;}\" data-profile=\"{&quot;type&quot;:&quot;static&quot;,&quot;value&quot;:&quot;false&quot;}\" data-action=\"{&quot;type&quot;:&quot;action&quot;,&quot;actionFlow&quot;:{&quot;firstStepId&quot;:&quot;&quot;,&quot;actionSteps&quot;:[]}}\" class=\"\"></zyllio-image><zyllio-label-text style=\"width: 360px; height: 70px; --horizontal-align: start; --vertical-align: flex-start; --text-decoration: none; --font-size: var(--theme-font-size); --font-weight: normal; --font-style: normal; --color: var(--theme-text-color); --background-color: #ffffff00; --background-image: none; --padding: 0; --border-width: 0px; --border-color: rgba(0,0,0,1); --border-radius: 0px;\" id=\"420036\" data-text=\"{&quot;type&quot;:&quot;row-column-variable&quot;,&quot;columnVariable&quot;:{&quot;field&quot;:&quot;Pizza&quot;,&quot;name&quot;:&quot;Order&quot;}}\" class=\"\" data-display-condition=\"{&quot;type&quot;:&quot;condition&quot;,&quot;condition&quot;:{&quot;id&quot;:&quot;&quot;,&quot;name&quot;:&quot;&quot;,&quot;rule&quot;:&quot;and&quot;,&quot;criteria&quot;:[]}}\" data-size=\"{&quot;type&quot;:&quot;static&quot;,&quot;value&quot;:&quot;Tiny&quot;}\" data-label=\"{&quot;type&quot;:&quot;static&quot;,&quot;value&quot;:&quot;&quot;}\"></zyllio-label-text><zyllio-label-text style=\"width: 360px; height: 70px; --horizontal-align: start; --vertical-align: flex-start; --text-decoration: none; --font-size: var(--theme-font-size); --font-weight: normal; --font-style: normal; --color: var(--theme-text-color); --background-color: #ffffff00; --background-image: none; --padding: 0px; --border-width: 0px; --border-color: rgba(0,0,0,1); --border-radius: 0px;\" id=\"408860\" data-text=\"{&quot;type&quot;:&quot;formula&quot;,&quot;formula&quot;:{&quot;values&quot;:[{&quot;id&quot;:&quot;text&quot;,&quot;name&quot;:&quot;text&quot;,&quot;format&quot;:{&quot;type&quot;:&quot;currency&quot;,&quot;value&quot;:{&quot;symbol&quot;:&quot;$&quot;}},&quot;properties&quot;:[{&quot;id&quot;:&quot;text&quot;,&quot;name&quot;:&quot;Text&quot;,&quot;value&quot;:{&quot;type&quot;:&quot;row-column-variable&quot;,&quot;columnVariable&quot;:{&quot;field&quot;:&quot;Price&quot;,&quot;name&quot;:&quot;Order&quot;}}}]}]}}\" class=\"\" data-display-condition=\"{&quot;type&quot;:&quot;condition&quot;,&quot;condition&quot;:{&quot;id&quot;:&quot;&quot;,&quot;name&quot;:&quot;&quot;,&quot;rule&quot;:&quot;and&quot;,&quot;criteria&quot;:[]}}\" data-size=\"{&quot;type&quot;:&quot;static&quot;,&quot;value&quot;:&quot;Tiny&quot;}\" data-label=\"{&quot;type&quot;:&quot;static&quot;,&quot;value&quot;:&quot;Price&quot;}\"></zyllio-label-text><zyllio-button style=\"--button-width: 260px; --icon1: ; --icon2: ; --horizontal-align: center; --vertical-align: center; --text-decoration: none; --font-size: var(--theme-font-size); --font-weight: normal; --font-style: normal; --color: var(--theme-secondary-text-color); --background-color: var(--theme-secondary-color); --background-image: none; --border-width: 0px; --border-color: rgba(0,0,0,1); --border-radius: 10px; --box-shadow: 0 3px 1px -2px rgba(0,0,0,0.2),0 2px 2px 0 rgba(0,0,0,0.14),0 1px 5px 0 rgba(0,0,0,0.12);\" id=\"321091\" data-display-condition=\"{&quot;type&quot;:&quot;condition&quot;,&quot;condition&quot;:{&quot;rule&quot;:&quot;and&quot;,&quot;criteria&quot;:[]}}\" data-text=\"{&quot;type&quot;:&quot;static&quot;,&quot;value&quot;:&quot;delete&quot;}\" data-action=\"{&quot;type&quot;:&quot;action&quot;,&quot;actionFlow&quot;:{&quot;firstStepId&quot;:&quot;1&quot;,&quot;actionSteps&quot;:[{&quot;id&quot;:&quot;1&quot;,&quot;action&quot;:{&quot;id&quot;:&quot;delete-selected-row&quot;,&quot;name&quot;:&quot;Delete selected row&quot;,&quot;properties&quot;:[{&quot;id&quot;:&quot;rows&quot;,&quot;name&quot;:&quot;Selection&quot;,&quot;value&quot;:{&quot;type&quot;:&quot;table-row&quot;,&quot;tableId&quot;:&quot;c104c146-9f3d-1049-203c-7ac1ad662e86&quot;,&quot;variableName&quot;:&quot;Order&quot;,&quot;properties&quot;:[]}}]},&quot;transitions&quot;:[{&quot;id&quot;:&quot;complete&quot;}]}]}}\" class=\"\" transition=\"9\"></zyllio-button>","top":220,"left":2040,"styles":[{"id":"display","value":"flex"},{"id":"flex-direction","value":"column"},{"id":"gap","value":"0px"},{"id":"width","value":"360px"},{"id":"height","value":"1000px"},{"id":"background-color","value":"var(--theme-background-color)"},{"id":"background-image","value":"none"},{"id":"background-repeat","value":"no-repeat"},{"id":"icon","value":""},{"id":"overflow-x","value":"hidden"}],"isFirst":false},{"id":"9","label":"Orders","htmlContent":"<zyllio-header style=\"--icon1: '\\f2ca'; --icon2: '\\f217'; --horizontal-align: center; --vertical-align: center; --text-decoration: none; --font-size: var(--theme-font-size); --font-weight: normal; --font-style: normal; --color: var(--theme-primary-text-color); --background-color: var(--theme-primary-color); --border-width: 0px; --border-color: rgba(0,0,0,1); --border-radius: 0px;\" id=\"146766\" data-display-condition=\"{&quot;type&quot;:&quot;condition&quot;,&quot;condition&quot;:{&quot;rule&quot;:&quot;and&quot;,&quot;criteria&quot;:[]}}\" data-text=\"{&quot;type&quot;:&quot;static&quot;,&quot;value&quot;:&quot;Your orders&quot;}\" data-display-button=\"{&quot;type&quot;:&quot;static&quot;,&quot;value&quot;:&quot;false&quot;}\" data-action=\"{&quot;type&quot;:&quot;action&quot;,&quot;actionFlow&quot;:{&quot;firstStepId&quot;:&quot;&quot;,&quot;actionSteps&quot;:[]}}\" class=\"\"></zyllio-header><zyllio-list style=\"--value-color: var(--theme-text-color); --value-font-size: var(--theme-font-size); --font-size: var(--theme-font-size); --color: var(--theme-tertiary-text-color); --selected-color: var(--theme-secondary-text-color); --background-color: var(--theme-tertiary-color); --selected-background-color: var(--theme-secondary-color); --border-width: 0px; --border-color: #000000; --border-radius: 10px; --list-item-height: 54px;\" id=\"299266\" data-value=\"{&quot;type&quot;:&quot;row-variable&quot;,&quot;tableId&quot;:&quot;c104c146-9f3d-1049-203c-7ac1ad662e86&quot;,&quot;variableName&quot;:&quot;Order&quot;}\" data-table=\"{&quot;type&quot;:&quot;table&quot;,&quot;tableId&quot;:&quot;c104c146-9f3d-1049-203c-7ac1ad662e86&quot;}\" data-title=\"{&quot;type&quot;:&quot;column&quot;,&quot;tableId&quot;:&quot;c104c146-9f3d-1049-203c-7ac1ad662e86&quot;,&quot;columnName&quot;:&quot;Pizza&quot;}\" data-subtitle=\"{&quot;type&quot;:&quot;column&quot;,&quot;tableId&quot;:&quot;c104c146-9f3d-1049-203c-7ac1ad662e86&quot;,&quot;columnName&quot;:&quot;Customer&quot;}\" data-image=\"{&quot;type&quot;:&quot;column&quot;,&quot;tableId&quot;:&quot;c104c146-9f3d-1049-203c-7ac1ad662e86&quot;,&quot;columnName&quot;:&quot;Image&quot;}\" data-filter=\"{&quot;type&quot;:&quot;filter&quot;,&quot;tableId&quot;:&quot;c104c146-9f3d-1049-203c-7ac1ad662e86&quot;,&quot;filter&quot;:{&quot;id&quot;:&quot;&quot;,&quot;name&quot;:&quot;&quot;,&quot;rule&quot;:&quot;and&quot;,&quot;criteria&quot;:[]}}\" data-sort=\"{&quot;type&quot;:&quot;sort&quot;,&quot;tableId&quot;:&quot;c104c146-9f3d-1049-203c-7ac1ad662e86&quot;,&quot;columnName&quot;:&quot;&quot;,&quot;asc&quot;:true}\" data-max-items=\"{&quot;type&quot;:&quot;static&quot;,&quot;value&quot;:&quot;30&quot;}\" data-profile=\"{&quot;type&quot;:&quot;static&quot;,&quot;value&quot;:&quot;false&quot;}\" data-display-badge=\"{&quot;type&quot;:&quot;static&quot;,&quot;value&quot;:&quot;true&quot;}\" class=\"\" transition=\"10\" data-display-condition=\"{&quot;type&quot;:&quot;condition&quot;,&quot;condition&quot;:{&quot;id&quot;:&quot;&quot;,&quot;name&quot;:&quot;&quot;,&quot;rule&quot;:&quot;and&quot;,&quot;criteria&quot;:[]}}\" data-label=\"{&quot;type&quot;:&quot;static&quot;,&quot;value&quot;:&quot;&quot;}\"></zyllio-list><zyllio-footer style=\"--color: var(--theme-text-color); --background-color: var(--theme-background-color); --border-width: 0px; --border-color: rgba(0,0,0,1); --border-radius: 0px; --box-shadow: none; --icon1: '\\f37f';\" id=\"328063\" data-display-button=\"{&quot;type&quot;:&quot;static&quot;,&quot;value&quot;:&quot;true&quot;}\" data-action=\"{&quot;type&quot;:&quot;action&quot;,&quot;actionFlow&quot;:{&quot;id&quot;:&quot;&quot;,&quot;firstStepId&quot;:&quot;&quot;,&quot;actionSteps&quot;:[]}}\" data-screens=\"{&quot;type&quot;:&quot;screens&quot;,&quot;screenIds&quot;:[&quot;7&quot;,&quot;9&quot;]}\" class=\"\" transition=\"10\" data-display-labels=\"{&quot;type&quot;:&quot;static&quot;,&quot;value&quot;:&quot;true&quot;}\" data-display-condition=\"{&quot;type&quot;:&quot;condition&quot;,&quot;condition&quot;:{&quot;id&quot;:&quot;&quot;,&quot;name&quot;:&quot;&quot;,&quot;rule&quot;:&quot;and&quot;,&quot;criteria&quot;:[]}}\"></zyllio-footer>","top":220,"left":1570,"styles":[{"id":"display","value":"flex"},{"id":"flex-direction","value":"column"},{"id":"gap","value":"0px"},{"id":"width","value":"360px"},{"id":"height","value":"1000px"},{"id":"background-color","value":"var(--theme-background-color)"},{"id":"background-image","value":"none"},{"id":"background-repeat","value":"no-repeat"},{"id":"icon","value":"'\\f3e8'"},{"id":"overflow-x","value":"hidden"}],"isFirst":false},{"id":"8","label":"Pizza","htmlContent":"<zyllio-header style=\"--icon1: '\\f2ca'; --icon2: '\\f217'; --horizontal-align: center; --vertical-align: center; --text-decoration: none; --font-size: var(--theme-font-size); --font-weight: normal; --font-style: normal; --color: var(--theme-primary-text-color); --background-color: var(--theme-primary-color); --border-width: 0px; --border-color: rgba(0,0,0,1); --border-radius: 0px;\" id=\"698117\" data-display-condition=\"{&quot;type&quot;:&quot;condition&quot;,&quot;condition&quot;:{&quot;rule&quot;:&quot;and&quot;,&quot;criteria&quot;:[]}}\" data-text=\"{&quot;type&quot;:&quot;row-column-variable&quot;,&quot;columnVariable&quot;:{&quot;field&quot;:&quot;Name&quot;,&quot;name&quot;:&quot;Pizzas&quot;}}\" data-display-button=\"{&quot;type&quot;:&quot;static&quot;,&quot;value&quot;:&quot;false&quot;}\" data-action=\"{&quot;type&quot;:&quot;action&quot;,&quot;actionFlow&quot;:{&quot;firstStepId&quot;:&quot;&quot;,&quot;actionSteps&quot;:[]}}\" class=\"\"></zyllio-header><zyllio-image style=\"--background-color: rgba(0,0,0,0); --padding: 10px; --border-width: 0px; --border-color: #a8b9c4ff; --border-radius: 10px;\" id=\"422360\" data-display-condition=\"{&quot;type&quot;:&quot;condition&quot;,&quot;condition&quot;:{&quot;rule&quot;:&quot;and&quot;,&quot;criteria&quot;:[]}}\" data-image=\"{&quot;type&quot;:&quot;row-column-variable&quot;,&quot;columnVariable&quot;:{&quot;field&quot;:&quot;Image&quot;,&quot;name&quot;:&quot;Pizzas&quot;}}\" data-size=\"{&quot;type&quot;:&quot;static&quot;,&quot;value&quot;:&quot;Medium&quot;}\" data-image-layout=\"{&quot;type&quot;:&quot;static&quot;,&quot;value&quot;:&quot;Portrait&quot;}\" data-profile=\"{&quot;type&quot;:&quot;static&quot;,&quot;value&quot;:&quot;false&quot;}\" data-action=\"{&quot;type&quot;:&quot;action&quot;,&quot;actionFlow&quot;:{&quot;firstStepId&quot;:&quot;&quot;,&quot;actionSteps&quot;:[]}}\" class=\"\"></zyllio-image><zyllio-label-text style=\"--horizontal-align: start; --vertical-align: flex-start; --text-decoration: none; --font-size: var(--theme-font-size); --font-weight: normal; --font-style: normal; --color: var(--theme-text-color); --background-color: #ffffff00; --background-image: none; --padding: 0; --border-width: 0px; --border-color: rgba(0,0,0,1); --border-radius: 0px;\" id=\"476643\" data-display-condition=\"{&quot;type&quot;:&quot;condition&quot;,&quot;condition&quot;:{&quot;rule&quot;:&quot;and&quot;,&quot;criteria&quot;:[]}}\" data-text=\"{&quot;type&quot;:&quot;row-column-variable&quot;,&quot;columnVariable&quot;:{&quot;field&quot;:&quot;Name&quot;,&quot;name&quot;:&quot;Pizzas&quot;}}\" data-size=\"{&quot;type&quot;:&quot;static&quot;,&quot;value&quot;:&quot;Auto&quot;}\" data-label=\"{&quot;type&quot;:&quot;static&quot;,&quot;value&quot;:&quot;&quot;}\" class=\"\"></zyllio-label-text><zyllio-label-text style=\"--horizontal-align: start; --vertical-align: flex-start; --text-decoration: none; --font-size: var(--theme-font-size); --font-weight: normal; --font-style: normal; --color: var(--theme-text-color); --background-color: #ffffff00; --background-image: none; --padding: 0; --border-width: 0px; --border-color: rgba(0,0,0,1); --border-radius: 0px;\" id=\"127446\" data-text=\"{&quot;type&quot;:&quot;row-column-variable&quot;,&quot;columnVariable&quot;:{&quot;field&quot;:&quot;Description&quot;,&quot;name&quot;:&quot;Pizzas&quot;}}\" class=\"\" data-display-condition=\"{&quot;type&quot;:&quot;condition&quot;,&quot;condition&quot;:{&quot;id&quot;:&quot;&quot;,&quot;name&quot;:&quot;&quot;,&quot;rule&quot;:&quot;and&quot;,&quot;criteria&quot;:[]}}\" data-size=\"{&quot;type&quot;:&quot;static&quot;,&quot;value&quot;:&quot;Auto&quot;}\" data-label=\"{&quot;type&quot;:&quot;static&quot;,&quot;value&quot;:&quot;&quot;}\"></zyllio-label-text><zyllio-label-text style=\"--horizontal-align: start; --vertical-align: flex-start; --text-decoration: none; --font-size: var(--theme-font-size); --font-weight: normal; --font-style: normal; --color: var(--theme-text-color); --background-color: #ffffff00; --background-image: none; --padding: 0; --border-width: 0px; --border-color: rgba(0,0,0,1); --border-radius: 0px;\" id=\"212694\" data-display-condition=\"{&quot;type&quot;:&quot;condition&quot;,&quot;condition&quot;:{&quot;rule&quot;:&quot;and&quot;,&quot;criteria&quot;:[]}}\" data-text=\"{&quot;type&quot;:&quot;formula&quot;,&quot;formula&quot;:{&quot;values&quot;:[{&quot;id&quot;:&quot;number&quot;,&quot;name&quot;:&quot;Number&quot;,&quot;properties&quot;:[{&quot;id&quot;:&quot;number&quot;,&quot;name&quot;:&quot;Number&quot;,&quot;value&quot;:{&quot;type&quot;:&quot;row-column-variable&quot;,&quot;columnVariable&quot;:{&quot;field&quot;:&quot;Price&quot;,&quot;name&quot;:&quot;Pizzas&quot;}}}],&quot;format&quot;:{&quot;type&quot;:&quot;currency&quot;,&quot;value&quot;:{&quot;symbol&quot;:&quot;€&quot;}}}]}}\" data-size=\"{&quot;type&quot;:&quot;static&quot;,&quot;value&quot;:&quot;Auto&quot;}\" data-label=\"{&quot;type&quot;:&quot;static&quot;,&quot;value&quot;:&quot;Price&quot;}\" class=\"\"></zyllio-label-text><zyllio-button style=\"--button-width: 260px; --icon1: ; --icon2: ; --horizontal-align: center; --vertical-align: center; --text-decoration: none; --font-size: var(--theme-font-size); --font-weight: normal; --font-style: normal; --color: var(--theme-secondary-text-color); --background-color: var(--theme-secondary-color); --background-image: none; --border-width: 0px; --border-color: rgba(0,0,0,1); --border-radius: 10px; --box-shadow: 0 3px 1px -2px rgba(0,0,0,0.2),0 2px 2px 0 rgba(0,0,0,0.14),0 1px 5px 0 rgba(0,0,0,0.12);\" id=\"583720\" data-display-condition=\"{&quot;type&quot;:&quot;condition&quot;,&quot;condition&quot;:{&quot;rule&quot;:&quot;and&quot;,&quot;criteria&quot;:[]}}\" data-text=\"{&quot;type&quot;:&quot;static&quot;,&quot;value&quot;:&quot;order&quot;}\" data-action=\"{&quot;type&quot;:&quot;action&quot;,&quot;actionFlow&quot;:{&quot;firstStepId&quot;:&quot;1&quot;,&quot;actionSteps&quot;:[{&quot;id&quot;:&quot;1&quot;,&quot;action&quot;:{&quot;id&quot;:&quot;create-row&quot;,&quot;name&quot;:&quot;Create a row&quot;,&quot;properties&quot;:[{&quot;id&quot;:&quot;rows&quot;,&quot;name&quot;:&quot;Table&quot;,&quot;value&quot;:{&quot;type&quot;:&quot;table-row&quot;,&quot;tableId&quot;:&quot;c104c146-9f3d-1049-203c-7ac1ad662e86&quot;,&quot;filter&quot;:{&quot;rule&quot;:&quot;and&quot;,&quot;criteria&quot;:[]},&quot;variableName&quot;:&quot;&quot;,&quot;properties&quot;:[{&quot;id&quot;:&quot;Pizza&quot;,&quot;name&quot;:&quot;Pizza&quot;,&quot;value&quot;:{&quot;type&quot;:&quot;row-column-variable&quot;,&quot;columnVariable&quot;:{&quot;field&quot;:&quot;Name&quot;,&quot;name&quot;:&quot;Pizzas&quot;}}},{&quot;id&quot;:&quot;Customer&quot;,&quot;name&quot;:&quot;Customer&quot;,&quot;value&quot;:{&quot;type&quot;:&quot;simple-variable&quot;,&quot;variableName&quot;:&quot;Email&quot;}},{&quot;id&quot;:&quot;Price&quot;,&quot;name&quot;:&quot;Price&quot;,&quot;value&quot;:{&quot;type&quot;:&quot;row-column-variable&quot;,&quot;columnVariable&quot;:{&quot;field&quot;:&quot;Price&quot;,&quot;name&quot;:&quot;Pizzas&quot;}}},{&quot;id&quot;:&quot;Image&quot;,&quot;name&quot;:&quot;Image&quot;,&quot;value&quot;:{&quot;type&quot;:&quot;row-column-variable&quot;,&quot;columnVariable&quot;:{&quot;field&quot;:&quot;Image&quot;,&quot;name&quot;:&quot;Pizzas&quot;}}}]}}]},&quot;transitions&quot;:[{&quot;id&quot;:&quot;complete&quot;}]}]}}\" class=\"\" transition=\"9\"></zyllio-button>","top":220,"left":1110,"styles":[{"id":"display","value":"flex"},{"id":"flex-direction","value":"column"},{"id":"gap","value":"0px"},{"id":"width","value":"360px"},{"id":"height","value":"1000px"},{"id":"background-color","value":"var(--theme-background-color)"},{"id":"background-image","value":"none"},{"id":"background-repeat","value":"no-repeat"},{"id":"icon","value":""},{"id":"overflow-x","value":"hidden"}],"isFirst":false},{"id":"7","label":"Pizzas","htmlContent":"<zyllio-header style=\"--icon1: '\\f2ca'; --icon2: '\\f217'; --horizontal-align: center; --vertical-align: center; --text-decoration: none; --font-size: var(--theme-font-size); --font-weight: normal; --font-style: normal; --color: var(--theme-primary-text-color); --background-color: var(--theme-primary-color); --border-width: 0px; --border-color: rgba(0,0,0,1); --border-radius: 0px;\" id=\"552010\" data-display-condition=\"{&quot;type&quot;:&quot;condition&quot;,&quot;condition&quot;:{&quot;rule&quot;:&quot;and&quot;,&quot;criteria&quot;:[]}}\" data-text=\"{&quot;type&quot;:&quot;static&quot;,&quot;value&quot;:&quot;Pizzas&quot;}\" data-display-button=\"{&quot;type&quot;:&quot;static&quot;,&quot;value&quot;:&quot;false&quot;}\" data-action=\"{&quot;type&quot;:&quot;action&quot;,&quot;actionFlow&quot;:{&quot;firstStepId&quot;:&quot;&quot;,&quot;actionSteps&quot;:[]}}\" class=\"\"></zyllio-header><zyllio-footer style=\"--color: var(--theme-text-color); --background-color: var(--theme-background-color); --border-width: 0px; --border-color: rgba(0,0,0,1); --border-radius: 0px; --box-shadow: none; --icon1: '\\f370';\" id=\"351471\" data-display-button=\"{&quot;type&quot;:&quot;static&quot;,&quot;value&quot;:&quot;true&quot;}\" data-action=\"{&quot;type&quot;:&quot;action&quot;,&quot;actionFlow&quot;:{&quot;id&quot;:&quot;&quot;,&quot;firstStepId&quot;:&quot;&quot;,&quot;actionSteps&quot;:[]}}\" data-screens=\"{&quot;type&quot;:&quot;screens&quot;,&quot;screenIds&quot;:[&quot;7&quot;,&quot;9&quot;]}\" class=\"\" transition=\"8\" data-display-labels=\"{&quot;type&quot;:&quot;static&quot;,&quot;value&quot;:&quot;true&quot;}\" data-display-condition=\"{&quot;type&quot;:&quot;condition&quot;,&quot;condition&quot;:{&quot;id&quot;:&quot;&quot;,&quot;name&quot;:&quot;&quot;,&quot;rule&quot;:&quot;and&quot;,&quot;criteria&quot;:[]}}\"></zyllio-footer><zyllio-grid style=\"--value-color: var(--theme-text-color); --value-font-size: var(--theme-font-size); --font-size: var(--theme-font-size); --horizontal-align: start; --padding: 10px; --color: #ffffff; --selected-color: #ffffff; --background-color: #00000050; --selected-background-color: #000000ba; --border-width: 0px; --border-color: #000000; --border-radius: 10px;\" id=\"855859\" data-value=\"{&quot;type&quot;:&quot;row-variable&quot;,&quot;tableId&quot;:&quot;205d93af-8a4d-2ee5-70d4-7da1dd68a8f3&quot;,&quot;variableName&quot;:&quot;Pizzas&quot;}\" data-table=\"{&quot;type&quot;:&quot;table&quot;,&quot;tableId&quot;:&quot;205d93af-8a4d-2ee5-70d4-7da1dd68a8f3&quot;}\" data-title=\"{&quot;type&quot;:&quot;column&quot;,&quot;tableId&quot;:&quot;205d93af-8a4d-2ee5-70d4-7da1dd68a8f3&quot;,&quot;columnName&quot;:&quot;Name&quot;}\" data-subtitle=\"{&quot;type&quot;:&quot;formula&quot;,&quot;formula&quot;:{&quot;values&quot;:[{&quot;id&quot;:&quot;column&quot;,&quot;name&quot;:&quot;Column&quot;,&quot;format&quot;:{&quot;type&quot;:&quot;currency&quot;,&quot;value&quot;:{&quot;symbol&quot;:&quot;$&quot;}},&quot;properties&quot;:[{&quot;id&quot;:&quot;column&quot;,&quot;name&quot;:&quot;Column&quot;,&quot;value&quot;:{&quot;type&quot;:&quot;column&quot;,&quot;tableId&quot;:&quot;205d93af-8a4d-2ee5-70d4-7da1dd68a8f3&quot;,&quot;columnName&quot;:&quot;Price&quot;}}]}]},&quot;tableId&quot;:&quot;205d93af-8a4d-2ee5-70d4-7da1dd68a8f3&quot;}\" data-image=\"{&quot;type&quot;:&quot;column&quot;,&quot;tableId&quot;:&quot;205d93af-8a4d-2ee5-70d4-7da1dd68a8f3&quot;,&quot;columnName&quot;:&quot;Image&quot;}\" data-items-per-row=\"{&quot;type&quot;:&quot;static&quot;,&quot;value&quot;:&quot;2&quot;}\" data-size=\"{&quot;type&quot;:&quot;static&quot;,&quot;value&quot;:&quot;Small&quot;}\" data-image-layout=\"{&quot;type&quot;:&quot;static&quot;,&quot;value&quot;:&quot;Landscape&quot;}\" data-filter=\"{&quot;type&quot;:&quot;filter&quot;,&quot;tableId&quot;:&quot;205d93af-8a4d-2ee5-70d4-7da1dd68a8f3&quot;,&quot;filter&quot;:{&quot;id&quot;:&quot;&quot;,&quot;name&quot;:&quot;&quot;,&quot;rule&quot;:&quot;and&quot;,&quot;criteria&quot;:[]}}\" data-sort=\"{&quot;type&quot;:&quot;sort&quot;,&quot;tableId&quot;:&quot;205d93af-8a4d-2ee5-70d4-7da1dd68a8f3&quot;,&quot;columnName&quot;:&quot;&quot;,&quot;asc&quot;:true}\" data-max-items=\"{&quot;type&quot;:&quot;static&quot;,&quot;value&quot;:&quot;30&quot;}\" data-profile=\"{&quot;type&quot;:&quot;static&quot;,&quot;value&quot;:&quot;false&quot;}\" data-display-badge=\"{&quot;type&quot;:&quot;static&quot;,&quot;value&quot;:&quot;true&quot;}\" class=\"\" transition=\"8\" data-display-condition=\"{&quot;type&quot;:&quot;condition&quot;,&quot;condition&quot;:{&quot;id&quot;:&quot;&quot;,&quot;name&quot;:&quot;&quot;,&quot;rule&quot;:&quot;and&quot;,&quot;criteria&quot;:[]}}\" data-label=\"{&quot;type&quot;:&quot;static&quot;,&quot;value&quot;:&quot;&quot;}\"></zyllio-grid><zyllio-label-text style=\"--horizontal-align: start;--vertical-align: flex-start;--text-decoration: none;--font-size: 20px;--font-weight: normal;--font-style: normal;--color: var(--theme-text-color);--background-color: #ffffff00;--background-image: none;--padding: 0;--border-width: 0px;--border-color: rgba(0,0,0,1);--border-radius: 0px;\" id=\"146771\" data-display-condition=\"{&quot;type&quot;:&quot;condition&quot;,&quot;condition&quot;:{&quot;id&quot;:&quot;&quot;,&quot;name&quot;:&quot;&quot;,&quot;rule&quot;:&quot;and&quot;,&quot;criteria&quot;:[]}}\" data-text=\"{&quot;type&quot;:&quot;row-column-variable&quot;,&quot;columnVariable&quot;:{&quot;field&quot;:&quot;Price&quot;,&quot;name&quot;:&quot;Pizzas&quot;}}\" data-size=\"{&quot;type&quot;:&quot;static&quot;,&quot;value&quot;:&quot;Tiny&quot;}\" data-label=\"{&quot;type&quot;:&quot;static&quot;,&quot;value&quot;:&quot;&quot;}\" class=\"\"></zyllio-label-text>","top":220,"left":630,"styles":[{"id":"display","value":"flex"},{"id":"flex-direction","value":"column"},{"id":"gap","value":"0px"},{"id":"width","value":"360px"},{"id":"height","value":"1000px"},{"id":"background-color","value":"var(--theme-background-color)"},{"id":"background-image","value":"none"},{"id":"background-repeat","value":"no-repeat"},{"id":"icon","value":"'\\f38f'"},{"id":"overflow-x","value":"hidden"}],"isFirst":false}],"tables":[{"id":"c104c146-9f3d-1049-203c-7ac1ad662e86","name":"Order","type":"internal","columns":[{"name":"Pizza","type":"text","relation":{}},{"name":"Customer","type":"text","relation":{}},{"name":"Price","type":"text","relation":{}},{"name":"Image","type":"image","relation":{}}],"position":{"top":291.22222222222223,"left":702}},{"id":"aa6eccea-0dc7-317f-cd20-3f72b0f0bea1","name":"Users","type":"internal","columns":[{"name":"Name","type":"text","relation":{}},{"name":"Email","type":"email","relation":{}},{"name":"Password","type":"password","relation":{}},{"name":"Phone number","type":"phone-number","relation":{}},{"name":"Profile","type":"image","relation":{}},{"name":"Orders","type":"relation-n","relation":{"fromColumn":"Email","toTable":"Order","toColumn":"Customer"}}],"position":{"top":209,"left":259}},{"id":"205d93af-8a4d-2ee5-70d4-7da1dd68a8f3","name":"Pizzas","type":"internal","columns":[{"name":"Name","type":"text","relation":{}},{"name":"Price","type":"number","relation":{},"options":""},{"name":"Image","type":"image","relation":{}},{"name":"Description","type":"text","relation":{}}],"position":{"left":260,"top":590}}],"zoom":0.7000000000000003,"plugins":{"plugins":[]},"theme":{"primaryColor":"#164885","primaryTextColor":"#ffffff","secondaryColor":"#ee8030","secondaryTextColor":"#ffffff","tertiaryColor":"#0000000a","tertiaryTextColor":"#000000","backgroundColor":"#ffffff","textColor":"#000000","rtl":false,"fontFamily":"Roboto","fontSize":"16px"},"security":{"apiKey":"8e9d26ce23b2ii7k7n8ogljff7p032bno85"},"settings":{"native":{"appId":"pizza","appName":"Pizza!","appVersion":2031},"zapier":{"enabled":false,"apiKey":"8e9d26ce23b22p7c87ndmmhiapb6j15o9m23"},"airtable":{"enabled":false,"apiKey":"","database":"","token":""},"stripe":{"enabled":false,"token":"","publicKey":"","production":false,"currency":"USD"},"integromat":{"enabled":false,"apiKey":"8e9d26ce23b22gio0f2fb8loj1h00b8e05n"},"notion":{"enabled":false,"apiKey":"","database":""},"spreadsheet":{"enabled":false,"apiKey":"","database":""},"pwa":{"url":"https://zyllio.app/apps/cfcbab54a4c3/"},"make":{"enabled":false,"apiKey":"8e9d26ce-23bl1o4mjoilo9cga568fa4872d"},"twilio":{"enabled":false,"apiKey":"","account":""},"timetonic":{"enabled":false,"apiKey":"","userId":""},"gmail":{"enabled":false,"apiKey":""},"pushNotification":{"enabled":false},"customDomain":{"enabled":false,"domain":""},"rest":{"enabled":false,"configurations":[]},"openai":{"enabled":false,"apiKey":""},"offline":{"enabled":false},"googleFonts":{"enabled":false}},"description":"Allows users to login, browse restaurant menu and order Pizzas ","cache":{"entries":{}},"host":"https://www.zyllio.one"}