{"id":"4e2285d0ed1a","name":"Dinner 1","userName":"didier abder","email":"contact@zyllio.com","lastUpdated":"2024-07-10T13:10:40.718Z","screens":[{"id":"5","label":"Home","htmlContent":"<zyllio-image style=\"--background-color: rgba(0,0,0,0); --padding: 10px; --border-width: 0px; --border-color: #a8b9c4ff; --border-radius: 10px;\" id=\"967468\" data-display-condition=\"{&quot;type&quot;:&quot;condition&quot;,&quot;condition&quot;:{&quot;rule&quot;:&quot;and&quot;,&quot;criteria&quot;:[]}}\" data-image=\"{&quot;type&quot;:&quot;static&quot;,&quot;value&quot;:&quot;./api/applications/4e2285d0ed1a/assets/plate 2.jpg&quot;}\" data-size=\"{&quot;type&quot;:&quot;static&quot;,&quot;value&quot;:&quot;Medium&quot;}\" data-image-layout=\"{&quot;type&quot;:&quot;static&quot;,&quot;value&quot;:&quot;Portrait&quot;}\" data-profile=\"{&quot;type&quot;:&quot;static&quot;,&quot;value&quot;:&quot;false&quot;}\" data-action=\"{&quot;type&quot;:&quot;action&quot;,&quot;actionFlow&quot;:{&quot;firstStepId&quot;:&quot;&quot;,&quot;actionSteps&quot;:[]}}\" class=\"\"></zyllio-image><zyllio-text style=\"width: 360px;height: 60px;--horizontal-align: center;--vertical-align: center;--text-decoration: none;--font-size: 35px;--font-weight: bold;--font-style: normal;--color: var(--theme-text-color);--background-color: #ffffff00;--background-image: none;--padding: 0;--border-width: 0px;--border-color: rgba(0,0,0,1);--border-radius: 0px;\" id=\"820017\" data-text=\"{&quot;type&quot;:&quot;static&quot;,&quot;value&quot;:&quot;Dinner 1&quot;}\" class=\"\"></zyllio-text><zyllio-text style=\"width: 360px;height: 60px;--horizontal-align: center;--vertical-align: center;--text-decoration: none;--font-size: 25px;--font-weight: normal;--font-style: normal;--color: var(--theme-text-color);--background-color: #ffffff00;--background-image: none;--padding: 0px;--border-width: 0px;--border-color: rgba(0,0,0,1);--border-radius: 0px;\" id=\"434982\" data-text=\"{&quot;type&quot;:&quot;static&quot;,&quot;value&quot;:&quot;\\&quot;we don't just sell food,<br>we sell certainty\\&quot;&quot;}\" class=\"\" data-display-condition=\"{&quot;type&quot;:&quot;condition&quot;,&quot;condition&quot;:{&quot;rule&quot;:&quot;and&quot;,&quot;criteria&quot;:[]}}\" data-size=\"{&quot;type&quot;:&quot;static&quot;,&quot;value&quot;:&quot;Small&quot;}\"></zyllio-text><zyllio-button style=\"--button-width: 260px; --icon1: ; --icon2: ; --horizontal-align: center; --vertical-align: center; --text-decoration: none; --font-size: var(--theme-font-size); --font-weight: normal; --font-style: normal; --color: var(--theme-secondary-text-color); --background-color: var(--theme-secondary-color); --background-image: none; --border-width: 0px; --border-color: rgba(0,0,0,1); --border-radius: 10px; --box-shadow: 0 3px 1px -2px rgba(0,0,0,0.2),0 2px 2px 0 rgba(0,0,0,0.14),0 1px 5px 0 rgba(0,0,0,0.12);\" id=\"522448\" data-display-condition=\"{&quot;type&quot;:&quot;condition&quot;,&quot;condition&quot;:{&quot;rule&quot;:&quot;and&quot;,&quot;criteria&quot;:[]}}\" data-text=\"{&quot;type&quot;:&quot;static&quot;,&quot;value&quot;:&quot;Cater an event&quot;}\" data-action=\"{&quot;type&quot;:&quot;action&quot;,&quot;actionFlow&quot;:{&quot;firstStepId&quot;:&quot;&quot;,&quot;actionSteps&quot;:[]}}\" class=\"\" transition=\"7\"></zyllio-button><zyllio-button style=\"--button-width: 260px; --icon1: ; --icon2: ; --horizontal-align: center; --vertical-align: center; --text-decoration: none; --font-size: var(--theme-font-size); --font-weight: normal; --font-style: normal; --color: var(--theme-secondary-text-color); --background-color: var(--theme-secondary-color); --background-image: none; --border-width: 0px; --border-color: rgba(0,0,0,1); --border-radius: 10px; --box-shadow: 0 3px 1px -2px rgba(0,0,0,0.2),0 2px 2px 0 rgba(0,0,0,0.14),0 1px 5px 0 rgba(0,0,0,0.12);\" id=\"864843\" data-display-condition=\"{&quot;type&quot;:&quot;condition&quot;,&quot;condition&quot;:{&quot;rule&quot;:&quot;and&quot;,&quot;criteria&quot;:[]}}\" data-text=\"{&quot;type&quot;:&quot;static&quot;,&quot;value&quot;:&quot;Contact us&quot;}\" data-action=\"{&quot;type&quot;:&quot;action&quot;,&quot;actionFlow&quot;:{&quot;firstStepId&quot;:&quot;&quot;,&quot;actionSteps&quot;:[]}}\" class=\"\" transition=\"6\"></zyllio-button>","top":172,"left":168,"styles":[{"id":"display","value":"flex"},{"id":"flex-direction","value":"column"},{"id":"gap","value":"0px"},{"id":"width","value":"360px"},{"id":"height","value":"1000px"},{"id":"background-color","value":"var(--theme-background-color)"},{"id":"background-image","value":"none"},{"id":"background-repeat","value":"no-repeat"},{"id":"icon","value":""},{"id":"overflow-x","value":"hidden"}],"isFirst":true},{"id":"6","label":"Contact us","htmlContent":"<zyllio-header style=\"--icon1: '\\f2ca'; --icon2: '\\f217'; --horizontal-align: center; --vertical-align: center; --text-decoration: none; --font-size: var(--theme-font-size); --font-weight: normal; --font-style: normal; --color: var(--theme-primary-text-color); --background-color: var(--theme-primary-color); --border-width: 0px; --border-color: rgba(0,0,0,1); --border-radius: 0px;\" id=\"048371\" data-display-condition=\"{&quot;type&quot;:&quot;condition&quot;,&quot;condition&quot;:{&quot;rule&quot;:&quot;and&quot;,&quot;criteria&quot;:[]}}\" data-text=\"{&quot;type&quot;:&quot;static&quot;,&quot;value&quot;:&quot;Contact us&quot;}\" data-display-button=\"{&quot;type&quot;:&quot;static&quot;,&quot;value&quot;:&quot;false&quot;}\" data-action=\"{&quot;type&quot;:&quot;action&quot;,&quot;actionFlow&quot;:{&quot;firstStepId&quot;:&quot;&quot;,&quot;actionSteps&quot;:[]}}\" class=\"\"></zyllio-header><zyllio-icon style=\"--icon: '\\f11b'; --font-size: var(--theme-font-size); --color: var(--theme-text-color); --background-color: #ffffff00; --icon-background-color: var(--theme-tertiary-color); --icon-color: var(--theme-tertiary-text-color); --border-width: 0px; --border-color: rgba(0,0,0,1); --border-radius: 50px;\" id=\"492663\" data-display-condition=\"{&quot;type&quot;:&quot;condition&quot;,&quot;condition&quot;:{&quot;rule&quot;:&quot;and&quot;,&quot;criteria&quot;:[]}}\" data-text=\"{&quot;type&quot;:&quot;static&quot;,&quot;value&quot;:&quot;&quot;}\" class=\"\"></zyllio-icon><zyllio-text style=\"--horizontal-align: start; --vertical-align: center; --text-decoration: none; --font-size: var(--theme-font-size); --font-weight: normal; --font-style: normal; --color: var(--theme-text-color); --background-color: #ffffff00; --background-image: none; --padding: 0px; --border-width: 0px; --border-color: rgba(0,0,0,1); --border-radius: 0px;\" id=\"248467\" data-text=\"{&quot;type&quot;:&quot;static&quot;,&quot;value&quot;:&quot;One of New York's largest caterers, we can easily serve 5,000 guests for a gala dinner, or a corporate event for 5 to 500. <br><br>Contact us to arrange a tasting in our midtown restaurant, or in the convenience of your office&quot;}\" class=\"\" data-display-condition=\"{&quot;type&quot;:&quot;condition&quot;,&quot;condition&quot;:{&quot;id&quot;:&quot;&quot;,&quot;name&quot;:&quot;&quot;,&quot;rule&quot;:&quot;and&quot;,&quot;criteria&quot;:[]}}\" data-size=\"{&quot;type&quot;:&quot;static&quot;,&quot;value&quot;:&quot;Auto&quot;}\"></zyllio-text><zyllio-contact-twitter style=\"width: 360px; height: 60px; --background-color: #ffffff00; --color: var(--theme-text-color); --button-border-radius: 10px; --button-background-color: #1da1f2; --button-box-shadow: 0 3px 1px -2px rgba(0,0,0,0.2),0 2px 2px 0 rgba(0,0,0,0.14),0 1px 5px 0 rgba(0,0,0,0.12);\" id=\"337973\" data-reference=\"{&quot;type&quot;:&quot;static&quot;,&quot;value&quot;:&quot;zyllio&quot;}\" data-label=\"{&quot;type&quot;:&quot;static&quot;,&quot;value&quot;:&quot;Our twitter&quot;}\" class=\"\" data-display-condition=\"{&quot;type&quot;:&quot;condition&quot;,&quot;condition&quot;:{&quot;id&quot;:&quot;&quot;,&quot;name&quot;:&quot;&quot;,&quot;rule&quot;:&quot;and&quot;,&quot;criteria&quot;:[]}}\" data-hide-reference=\"{&quot;type&quot;:&quot;static&quot;,&quot;value&quot;:&quot;true&quot;}\"></zyllio-contact-twitter><zyllio-contact-website style=\"width: 360px; height: 60px; --background-color: #ffffff00; --color: var(--theme-text-color); --button-border-radius: 10px; --button-background-color: #a99927; --button-box-shadow: 0 3px 1px -2px rgba(0,0,0,0.2),0 2px 2px 0 rgba(0,0,0,0.14),0 1px 5px 0 rgba(0,0,0,0.12);\" id=\"258743\" data-reference=\"{&quot;type&quot;:&quot;static&quot;,&quot;value&quot;:&quot;https://zyllio.com&quot;}\" data-label=\"{&quot;type&quot;:&quot;static&quot;,&quot;value&quot;:&quot;Our Web site&quot;}\" class=\"\" data-display-condition=\"{&quot;type&quot;:&quot;condition&quot;,&quot;condition&quot;:{&quot;id&quot;:&quot;&quot;,&quot;name&quot;:&quot;&quot;,&quot;rule&quot;:&quot;and&quot;,&quot;criteria&quot;:[]}}\" data-hide-reference=\"{&quot;type&quot;:&quot;static&quot;,&quot;value&quot;:&quot;true&quot;}\"></zyllio-contact-website><zyllio-contact-youtube style=\"width: 360px; height: 60px; --background-color: #ffffff00; --color: var(--theme-text-color); --button-border-radius: 10px; --button-background-color: #ff0000; --button-box-shadow: 0 3px 1px -2px rgba(0,0,0,0.2),0 2px 2px 0 rgba(0,0,0,0.14),0 1px 5px 0 rgba(0,0,0,0.12);\" id=\"793085\" data-reference=\"{&quot;type&quot;:&quot;static&quot;,&quot;value&quot;:&quot;https://www.youtube.com/channel/UCMLc1XBZp8ibF5M-zFiznUQ&quot;}\" data-label=\"{&quot;type&quot;:&quot;static&quot;,&quot;value&quot;:&quot;Watch Zyllio tutorials&quot;}\" class=\"\" data-display-condition=\"{&quot;type&quot;:&quot;condition&quot;,&quot;condition&quot;:{&quot;id&quot;:&quot;&quot;,&quot;name&quot;:&quot;&quot;,&quot;rule&quot;:&quot;and&quot;,&quot;criteria&quot;:[]}}\" data-hide-reference=\"{&quot;type&quot;:&quot;static&quot;,&quot;value&quot;:&quot;true&quot;}\"></zyllio-contact-youtube>","top":170,"left":640,"styles":[{"id":"display","value":"flex"},{"id":"flex-direction","value":"column"},{"id":"gap","value":"0px"},{"id":"width","value":"360px"},{"id":"height","value":"1000px"},{"id":"background-color","value":"var(--theme-background-color)"},{"id":"background-image","value":"none"},{"id":"background-repeat","value":"no-repeat"},{"id":"icon","value":""},{"id":"overflow-x","value":"hidden"}],"isFirst":false},{"id":"7","label":"Cater an event","htmlContent":"<zyllio-header style=\"--icon1: '\\f2ca'; --icon2: '\\f217'; --horizontal-align: center; --vertical-align: center; --text-decoration: none; --font-size: var(--theme-font-size); --font-weight: normal; --font-style: normal; --color: var(--theme-primary-text-color); --background-color: var(--theme-primary-color); --border-width: 0px; --border-color: rgba(0,0,0,1); --border-radius: 0px;\" id=\"756734\" data-display-condition=\"{&quot;type&quot;:&quot;condition&quot;,&quot;condition&quot;:{&quot;rule&quot;:&quot;and&quot;,&quot;criteria&quot;:[]}}\" data-text=\"{&quot;type&quot;:&quot;static&quot;,&quot;value&quot;:&quot;Cater an event&quot;}\" data-display-button=\"{&quot;type&quot;:&quot;static&quot;,&quot;value&quot;:&quot;false&quot;}\" data-action=\"{&quot;type&quot;:&quot;action&quot;,&quot;actionFlow&quot;:{&quot;firstStepId&quot;:&quot;&quot;,&quot;actionSteps&quot;:[]}}\" class=\"\"></zyllio-header><zyllio-icon style=\"--icon: '\\f3aa'; --font-size: var(--theme-font-size); --color: var(--theme-text-color); --background-color: #ffffff00; --icon-background-color: var(--theme-tertiary-color); --icon-color: var(--theme-tertiary-text-color); --border-width: 0px; --border-color: rgba(0,0,0,1); --border-radius: 50px;\" id=\"144039\" data-display-condition=\"{&quot;type&quot;:&quot;condition&quot;,&quot;condition&quot;:{&quot;rule&quot;:&quot;and&quot;,&quot;criteria&quot;:[]}}\" data-text=\"{&quot;type&quot;:&quot;static&quot;,&quot;value&quot;:&quot;&quot;}\" class=\"\"></zyllio-icon><zyllio-text style=\"--horizontal-align: start; --vertical-align: flex-start; --text-decoration: none; --font-size: var(--theme-font-size); --font-weight: normal; --font-style: normal; --color: var(--theme-text-color); --background-color: #ffffff00; --background-image: none; --padding: 0; --border-width: 0px; --border-color: rgba(0,0,0,1); --border-radius: 0px;\" id=\"999411\" data-display-condition=\"{&quot;type&quot;:&quot;condition&quot;,&quot;condition&quot;:{&quot;rule&quot;:&quot;and&quot;,&quot;criteria&quot;:[]}}\" data-text=\"{&quot;type&quot;:&quot;static&quot;,&quot;value&quot;:&quot;Indicate your reservation details below&quot;}\" data-size=\"{&quot;type&quot;:&quot;static&quot;,&quot;value&quot;:&quot;Auto&quot;}\" class=\"\"></zyllio-text><zyllio-form-text style=\"--font-size: var(--theme-font-size); --color: var(--theme-tertiary-text-color); --background-color: var(--theme-tertiary-color); --icon1: ; --icon2: '\\f3a0'; --border-width: 0px; --border-color: #a8b9c4ff; --border-radius: 10px;\" id=\"302204\" data-display-condition=\"{&quot;type&quot;:&quot;condition&quot;,&quot;condition&quot;:{&quot;rule&quot;:&quot;and&quot;,&quot;criteria&quot;:[]}}\" data-value=\"{&quot;type&quot;:&quot;simple-variable&quot;,&quot;variableName&quot;:&quot;Name&quot;}\" data-default-value=\"{&quot;type&quot;:&quot;static&quot;,&quot;value&quot;:&quot;&quot;}\" data-label=\"{&quot;type&quot;:&quot;static&quot;,&quot;value&quot;:&quot;&quot;}\" data-required=\"{&quot;type&quot;:&quot;static&quot;,&quot;value&quot;:&quot;true&quot;}\" data-remember=\"{&quot;type&quot;:&quot;static&quot;,&quot;value&quot;:&quot;false&quot;}\" data-multiline=\"{&quot;type&quot;:&quot;static&quot;,&quot;value&quot;:&quot;false&quot;}\" data-minimum-characters=\"{&quot;type&quot;:&quot;static&quot;,&quot;value&quot;:&quot;0&quot;}\" class=\"\"></zyllio-form-text><zyllio-form-email style=\"--font-size: var(--theme-font-size); --color: var(--theme-tertiary-text-color); --background-color: var(--theme-tertiary-color); --icon1: ; --icon2: '\\f10f'; --border-width: 0px; --border-color: #a8b9c4ff; --border-radius: 10px;\" id=\"443347\" data-display-condition=\"{&quot;type&quot;:&quot;condition&quot;,&quot;condition&quot;:{&quot;rule&quot;:&quot;and&quot;,&quot;criteria&quot;:[]}}\" data-value=\"{&quot;type&quot;:&quot;simple-variable&quot;,&quot;variableName&quot;:&quot;Email&quot;}\" data-default-value=\"{&quot;type&quot;:&quot;static&quot;,&quot;value&quot;:&quot;&quot;}\" data-label=\"{&quot;type&quot;:&quot;static&quot;,&quot;value&quot;:&quot;&quot;}\" data-required=\"{&quot;type&quot;:&quot;static&quot;,&quot;value&quot;:&quot;true&quot;}\" data-remember=\"{&quot;type&quot;:&quot;static&quot;,&quot;value&quot;:&quot;false&quot;}\" class=\"\"></zyllio-form-email><zyllio-form-date style=\"--font-size: var(--theme-font-size); --color: var(--theme-tertiary-text-color); --background-color: var(--theme-tertiary-color); --icon1: ; --icon2: ; --border-width: 0px; --border-color: #a8b9c4ff; --border-radius: 10px;\" id=\"597901\" data-display-condition=\"{&quot;type&quot;:&quot;condition&quot;,&quot;condition&quot;:{&quot;rule&quot;:&quot;and&quot;,&quot;criteria&quot;:[]}}\" data-value=\"{&quot;type&quot;:&quot;simple-variable&quot;,&quot;variableName&quot;:&quot;Date&quot;}\" data-default-value=\"{&quot;type&quot;:&quot;static&quot;,&quot;value&quot;:&quot;&quot;}\" data-label=\"{&quot;type&quot;:&quot;static&quot;,&quot;value&quot;:&quot;&quot;}\" data-required=\"{&quot;type&quot;:&quot;static&quot;,&quot;value&quot;:&quot;true&quot;}\" data-remember=\"{&quot;type&quot;:&quot;static&quot;,&quot;value&quot;:&quot;false&quot;}\" data-min=\"{&quot;type&quot;:&quot;static&quot;,&quot;value&quot;:&quot;&quot;}\" data-max=\"{&quot;type&quot;:&quot;static&quot;,&quot;value&quot;:&quot;&quot;}\" class=\"\"></zyllio-form-date><zyllio-form-time style=\"--font-size: var(--theme-font-size); --color: var(--theme-tertiary-text-color); --background-color: var(--theme-tertiary-color); --icon1: ; --icon2: ; --border-width: 0px; --border-color: #a8b9c4ff; --border-radius: 10px;\" id=\"563334\" data-display-condition=\"{&quot;type&quot;:&quot;condition&quot;,&quot;condition&quot;:{&quot;rule&quot;:&quot;and&quot;,&quot;criteria&quot;:[]}}\" data-value=\"{&quot;type&quot;:&quot;simple-variable&quot;,&quot;variableName&quot;:&quot;Time&quot;}\" data-default-value=\"{&quot;type&quot;:&quot;static&quot;,&quot;value&quot;:&quot;&quot;}\" data-label=\"{&quot;type&quot;:&quot;static&quot;,&quot;value&quot;:&quot;&quot;}\" data-required=\"{&quot;type&quot;:&quot;static&quot;,&quot;value&quot;:&quot;true&quot;}\" data-remember=\"{&quot;type&quot;:&quot;static&quot;,&quot;value&quot;:&quot;false&quot;}\" class=\"\"></zyllio-form-time><zyllio-form-telephone style=\"--font-size: var(--theme-font-size); --color: var(--theme-tertiary-text-color); --background-color: var(--theme-tertiary-color); --icon1: ; --icon2: '\\f4b9'; --border-width: 0px; --border-color: #a8b9c4ff; --border-radius: 10px;\" id=\"235284\" data-display-condition=\"{&quot;type&quot;:&quot;condition&quot;,&quot;condition&quot;:{&quot;rule&quot;:&quot;and&quot;,&quot;criteria&quot;:[]}}\" data-value=\"{&quot;type&quot;:&quot;simple-variable&quot;,&quot;variableName&quot;:&quot;Phone number&quot;}\" data-default-value=\"{&quot;type&quot;:&quot;static&quot;,&quot;value&quot;:&quot;&quot;}\" data-label=\"{&quot;type&quot;:&quot;static&quot;,&quot;value&quot;:&quot;&quot;}\" data-required=\"{&quot;type&quot;:&quot;static&quot;,&quot;value&quot;:&quot;true&quot;}\" data-remember=\"{&quot;type&quot;:&quot;static&quot;,&quot;value&quot;:&quot;false&quot;}\" class=\"\"></zyllio-form-telephone><zyllio-form-number style=\"--font-size: var(--theme-font-size); --color: var(--theme-tertiary-text-color); --background-color: var(--theme-tertiary-color); --icon1: ; --icon2: '\\f212'; --border-width: 0px; --border-color: #a8b9c4ff; --border-radius: 10px;\" id=\"011818\" data-display-condition=\"{&quot;type&quot;:&quot;condition&quot;,&quot;condition&quot;:{&quot;rule&quot;:&quot;and&quot;,&quot;criteria&quot;:[]}}\" data-value=\"{&quot;type&quot;:&quot;simple-variable&quot;,&quot;variableName&quot;:&quot;Number of people&quot;}\" data-default-value=\"{&quot;type&quot;:&quot;static&quot;,&quot;value&quot;:&quot;&quot;}\" data-label=\"{&quot;type&quot;:&quot;static&quot;,&quot;value&quot;:&quot;&quot;}\" data-required=\"{&quot;type&quot;:&quot;static&quot;,&quot;value&quot;:&quot;true&quot;}\" data-remember=\"{&quot;type&quot;:&quot;static&quot;,&quot;value&quot;:&quot;false&quot;}\" data-whole-numbers=\"{&quot;type&quot;:&quot;static&quot;,&quot;value&quot;:&quot;true&quot;}\" class=\"\"></zyllio-form-number><zyllio-form-text style=\"--font-size: var(--theme-font-size); --color: var(--theme-tertiary-text-color); --background-color: var(--theme-tertiary-color); --icon1: ; --icon2: ; --border-width: 0px; --border-color: #a8b9c4ff; --border-radius: 10px;\" id=\"447370\" data-display-condition=\"{&quot;type&quot;:&quot;condition&quot;,&quot;condition&quot;:{&quot;rule&quot;:&quot;and&quot;,&quot;criteria&quot;:[]}}\" data-value=\"{&quot;type&quot;:&quot;simple-variable&quot;,&quot;variableName&quot;:&quot;Comments&quot;}\" data-default-value=\"{&quot;type&quot;:&quot;static&quot;,&quot;value&quot;:&quot;&quot;}\" data-label=\"{&quot;type&quot;:&quot;static&quot;,&quot;value&quot;:&quot;&quot;}\" data-required=\"{&quot;type&quot;:&quot;static&quot;,&quot;value&quot;:&quot;true&quot;}\" data-remember=\"{&quot;type&quot;:&quot;static&quot;,&quot;value&quot;:&quot;false&quot;}\" data-multiline=\"{&quot;type&quot;:&quot;static&quot;,&quot;value&quot;:&quot;true&quot;}\" data-minimum-characters=\"{&quot;type&quot;:&quot;static&quot;,&quot;value&quot;:&quot;0&quot;}\" class=\"\"></zyllio-form-text><zyllio-button style=\"--button-width: 260px; --icon1: ; --icon2: ; --horizontal-align: center; --vertical-align: center; --text-decoration: none; --font-size: var(--theme-font-size); --font-weight: normal; --font-style: normal; --color: var(--theme-secondary-text-color); --background-color: var(--theme-secondary-color); --background-image: none; --border-width: 0px; --border-color: rgba(0,0,0,1); --border-radius: 10px; --box-shadow: 0 3px 1px -2px rgba(0,0,0,0.2),0 2px 2px 0 rgba(0,0,0,0.14),0 1px 5px 0 rgba(0,0,0,0.12);\" id=\"970981\" data-display-condition=\"{&quot;type&quot;:&quot;condition&quot;,&quot;condition&quot;:{&quot;rule&quot;:&quot;and&quot;,&quot;criteria&quot;:[]}}\" data-text=\"{&quot;type&quot;:&quot;static&quot;,&quot;value&quot;:&quot;register&quot;}\" data-action=\"{&quot;type&quot;:&quot;action&quot;,&quot;actionFlow&quot;:{&quot;firstStepId&quot;:&quot;1&quot;,&quot;actionSteps&quot;:[{&quot;id&quot;:&quot;1&quot;,&quot;action&quot;:{&quot;id&quot;:&quot;create-row&quot;,&quot;name&quot;:&quot;Create a row&quot;,&quot;properties&quot;:[{&quot;id&quot;:&quot;rows&quot;,&quot;name&quot;:&quot;Table&quot;,&quot;value&quot;:{&quot;type&quot;:&quot;table-row&quot;,&quot;tableId&quot;:&quot;89cb25c2-354c-6cb5-ce38-d529449fb7ca&quot;,&quot;filter&quot;:{&quot;rule&quot;:&quot;and&quot;,&quot;criteria&quot;:[]},&quot;variableName&quot;:&quot;&quot;,&quot;properties&quot;:[{&quot;id&quot;:&quot;Name&quot;,&quot;name&quot;:&quot;Name&quot;,&quot;value&quot;:{&quot;type&quot;:&quot;simple-variable&quot;,&quot;variableName&quot;:&quot;Name&quot;}},{&quot;id&quot;:&quot;Email&quot;,&quot;name&quot;:&quot;Email&quot;,&quot;value&quot;:{&quot;type&quot;:&quot;simple-variable&quot;,&quot;variableName&quot;:&quot;Email&quot;}},{&quot;id&quot;:&quot;Phone number&quot;,&quot;name&quot;:&quot;Phone number&quot;,&quot;value&quot;:{&quot;type&quot;:&quot;simple-variable&quot;,&quot;variableName&quot;:&quot;Phone number&quot;}},{&quot;id&quot;:&quot;Date&quot;,&quot;name&quot;:&quot;Date&quot;,&quot;value&quot;:{&quot;type&quot;:&quot;simple-variable&quot;,&quot;variableName&quot;:&quot;Date&quot;}},{&quot;id&quot;:&quot;Time&quot;,&quot;name&quot;:&quot;Time&quot;,&quot;value&quot;:{&quot;type&quot;:&quot;simple-variable&quot;,&quot;variableName&quot;:&quot;Time&quot;}},{&quot;id&quot;:&quot;Number of people&quot;,&quot;name&quot;:&quot;Number of people&quot;,&quot;value&quot;:{&quot;type&quot;:&quot;simple-variable&quot;,&quot;variableName&quot;:&quot;Number of people&quot;}},{&quot;id&quot;:&quot;Comment&quot;,&quot;name&quot;:&quot;Comment&quot;,&quot;value&quot;:{&quot;type&quot;:&quot;simple-variable&quot;,&quot;variableName&quot;:&quot;Comments&quot;}}]}}]},&quot;transitions&quot;:[{&quot;id&quot;:&quot;complete&quot;}]}]}}\" class=\"\" transition=\"8\"></zyllio-button>","top":170,"left":1100,"styles":[{"id":"display","value":"flex"},{"id":"flex-direction","value":"column"},{"id":"gap","value":"0px"},{"id":"width","value":"360px"},{"id":"height","value":"1311px"},{"id":"background-color","value":"var(--theme-background-color)"},{"id":"background-image","value":"none"},{"id":"background-repeat","value":"no-repeat"},{"id":"icon","value":""},{"id":"overflow-x","value":"hidden"}],"isFirst":false},{"id":"8","label":"Registered","htmlContent":"<zyllio-header style=\"--icon1: '\\f2ca'; --icon2: '\\f217'; --horizontal-align: center; --vertical-align: center; --text-decoration: none; --font-size: var(--theme-font-size); --font-weight: normal; --font-style: normal; --color: var(--theme-primary-text-color); --background-color: var(--theme-primary-color); --border-width: 0px; --border-color: rgba(0,0,0,1); --border-radius: 0px;\" id=\"056828\" data-display-condition=\"{&quot;type&quot;:&quot;condition&quot;,&quot;condition&quot;:{&quot;rule&quot;:&quot;and&quot;,&quot;criteria&quot;:[]}}\" data-text=\"{&quot;type&quot;:&quot;static&quot;,&quot;value&quot;:&quot;Registered&quot;}\" data-display-button=\"{&quot;type&quot;:&quot;static&quot;,&quot;value&quot;:&quot;false&quot;}\" data-action=\"{&quot;type&quot;:&quot;action&quot;,&quot;actionFlow&quot;:{&quot;firstStepId&quot;:&quot;&quot;,&quot;actionSteps&quot;:[]}}\" class=\"component-selected\"></zyllio-header><zyllio-icon style=\"--icon: '\\f121'; --font-size: var(--theme-font-size); --color: var(--theme-text-color); --background-color: #ffffff00; --icon-background-color: var(--theme-tertiary-color); --icon-color: var(--theme-tertiary-text-color); --border-width: 0px; --border-color: rgba(0,0,0,1); --border-radius: 50px;\" id=\"848851\" data-display-condition=\"{&quot;type&quot;:&quot;condition&quot;,&quot;condition&quot;:{&quot;rule&quot;:&quot;and&quot;,&quot;criteria&quot;:[]}}\" data-text=\"{&quot;type&quot;:&quot;static&quot;,&quot;value&quot;:&quot;&quot;}\" class=\"\"></zyllio-icon><zyllio-text style=\"--horizontal-align: start; --vertical-align: center; --text-decoration: none; --font-size: var(--theme-font-size); --font-weight: normal; --font-style: normal; --color: var(--theme-text-color); --background-color: #ffffff00; --background-image: none; --padding: 0px; --border-width: 0px; --border-color: rgba(0,0,0,1); --border-radius: 0px;\" id=\"761588\" data-text=\"{&quot;type&quot;:&quot;static&quot;,&quot;value&quot;:&quot;Your event has been registered. <br><br>We will contact you as soon as possible&quot;}\" class=\"\" data-display-condition=\"{&quot;type&quot;:&quot;condition&quot;,&quot;condition&quot;:{&quot;id&quot;:&quot;&quot;,&quot;name&quot;:&quot;&quot;,&quot;rule&quot;:&quot;and&quot;,&quot;criteria&quot;:[]}}\" data-size=\"{&quot;type&quot;:&quot;static&quot;,&quot;value&quot;:&quot;Small&quot;}\"></zyllio-text><zyllio-button style=\"--button-width: 260px; --icon1: ; --icon2: ; --horizontal-align: center; --vertical-align: center; --text-decoration: none; --font-size: var(--theme-font-size); --font-weight: normal; --font-style: normal; --color: var(--theme-secondary-text-color); --background-color: var(--theme-secondary-color); --background-image: none; --border-width: 0px; --border-color: rgba(0,0,0,1); --border-radius: 10px; --box-shadow: 0 3px 1px -2px rgba(0,0,0,0.2),0 2px 2px 0 rgba(0,0,0,0.14),0 1px 5px 0 rgba(0,0,0,0.12);\" id=\"515175\" data-display-condition=\"{&quot;type&quot;:&quot;condition&quot;,&quot;condition&quot;:{&quot;rule&quot;:&quot;and&quot;,&quot;criteria&quot;:[]}}\" data-text=\"{&quot;type&quot;:&quot;static&quot;,&quot;value&quot;:&quot;Home&quot;}\" data-action=\"{&quot;type&quot;:&quot;action&quot;,&quot;actionFlow&quot;:{&quot;firstStepId&quot;:&quot;1&quot;,&quot;actionSteps&quot;:[{&quot;id&quot;:&quot;1&quot;,&quot;action&quot;:{&quot;id&quot;:&quot;home&quot;,&quot;name&quot;:&quot;Go home&quot;,&quot;properties&quot;:[]},&quot;transitions&quot;:[{&quot;id&quot;:&quot;complete&quot;}]}]}}\" class=\"\"></zyllio-button>","top":170,"left":1580,"styles":[{"id":"display","value":"flex"},{"id":"flex-direction","value":"column"},{"id":"gap","value":"0px"},{"id":"width","value":"360px"},{"id":"height","value":"1000px"},{"id":"background-color","value":"var(--theme-background-color)"},{"id":"background-image","value":"none"},{"id":"background-repeat","value":"no-repeat"},{"id":"icon","value":""},{"id":"overflow-x","value":"hidden"}],"isFirst":false}],"tables":[{"id":"89cb25c2-354c-6cb5-ce38-d529449fb7ca","name":"Registrations","type":"internal","columns":[{"name":"Name","type":"text","relation":{}},{"name":"Email","type":"email","relation":{}},{"name":"Phone number","type":"phone-number","relation":{}},{"name":"Date","type":"date","relation":{}},{"name":"Time","type":"time","relation":{}},{"name":"Number of people","type":"number","relation":{}},{"name":"Comment","type":"text","relation":{}}],"position":{"top":154.66666666666666,"left":370}}],"zoom":0.7500000000000002,"plugins":{"plugins":[]},"theme":{"primaryColor":"#19333aff","primaryTextColor":"#dacd8eff","secondaryColor":"#19333aff","secondaryTextColor":"#dacd8eff","tertiaryColor":"#0000000a","tertiaryTextColor":"#000000","backgroundColor":"#ffffffff","textColor":"#000000","rtl":false,"fontFamily":"Roboto","fontSize":"16px"},"security":{"apiKey":"796ece1aa84b15k364cj05mplaojijiklea"},"settings":{"native":{"appId":"dinne","appName":"Dinner1","appVersion":2010},"zapier":{"enabled":false,"apiKey":"796ece1aa84bll28hmi8a64jk9h4gch5ei96"},"airtable":{"enabled":false,"apiKey":"","database":"","token":""},"stripe":{"enabled":false,"token":"","publicKey":"","production":false,"currency":"USD"},"integromat":{"enabled":false,"apiKey":"796ece1aa84bh17pooec1d5lk3dfcbb1ie4"},"notion":{"enabled":false,"apiKey":"","database":""},"spreadsheet":{"enabled":false,"apiKey":"","database":""},"pwa":{"url":"https://zyllio.app/apps/4e2285d0ed1a/"},"make":{"enabled":false,"apiKey":"796ece1a-a84lmajlh11alo6np4e2go5p9"},"twilio":{"enabled":false,"apiKey":"","account":""},"timetonic":{"enabled":false,"apiKey":"","userId":""},"gmail":{"enabled":false,"apiKey":""},"pushNotification":{"enabled":false},"customDomain":{"enabled":false,"domain":""},"rest":{"enabled":false,"configurations":[]},"openai":{"enabled":false,"apiKey":""},"offline":{"enabled":true},"googleFonts":{"enabled":true}},"description":"Allows users to cater an event using the Booking Component which is a customizable form","cache":{"entries":{}},"host":"https://www.zyllio.one"}