{"id":"fb868af9fded","name":"Tasky","description":"Tasky is a project management app. that allows users to browser projects and manage tasks (search, create, complete)","userName":"didier abder","email":"contact@zyllio.com","lastUpdated":"2024-07-09T09:31:04.429Z","screens":[{"id":"13","label":"Confimation","htmlContent":"<zyllio-header style=\"--icon1: '\\f2ca';--icon2: '\\f419';--horizontal-align: center;--vertical-align: center;--text-decoration: none;--font-size: 24px;--font-weight: bold;--font-style: normal;--color: var(--theme-primary-text-color);--background-color: var(--theme-primary-color);--border-width: 0px;--border-color: rgba(0,0,0,1);--border-radius: 0px;\" data-text=\"{&quot;type&quot;:&quot;static&quot;,&quot;value&quot;:&quot;Confirmation&quot;}\" class=\"\"></zyllio-header><zyllio-text style=\"--horizontal-align: center;--vertical-align: flex-start;--text-decoration: none;--font-size: 20px;--font-weight: normal;--font-style: normal;--color: var(--theme-text-color);--background-color: #ffffff00;--background-image: none;--padding: 0;--border-width: 0px;--border-color: rgba(0,0,0,1);--border-radius: 0px;\" id=\"885913\" data-text=\"{&quot;type&quot;:&quot;static&quot;,&quot;value&quot;:&quot;You are about to complete the following task&quot;}\" class=\"\"></zyllio-text><zyllio-label-text style=\"--horizontal-align: start;--vertical-align: flex-start;--text-decoration: none;--font-size: 20px;--font-weight: normal;--font-style: normal;--color: var(--theme-text-color);--background-color: #ffffff00;--background-image: none;--padding: 0;--border-width: 0px;--border-color: rgba(0,0,0,1);--border-radius: 0px;\" id=\"452866\" data-text=\"{&quot;type&quot;:&quot;row-column-variable&quot;,&quot;columnVariable&quot;:{&quot;name&quot;:&quot;Tasks&quot;,&quot;field&quot;:&quot;Name&quot;}}\" class=\"\" data-display-condition=\"{&quot;type&quot;:&quot;condition&quot;,&quot;condition&quot;:{&quot;id&quot;:&quot;&quot;,&quot;name&quot;:&quot;&quot;,&quot;rule&quot;:&quot;and&quot;,&quot;criteria&quot;:[]}}\" data-size=\"{&quot;type&quot;:&quot;static&quot;,&quot;value&quot;:&quot;Tiny&quot;}\" data-label=\"{&quot;type&quot;:&quot;static&quot;,&quot;value&quot;:&quot;&quot;}\"></zyllio-label-text><zyllio-form-text style=\"--font-size: 20px;--color: var(--theme-tertiary-text-color);--background-color: var(--theme-tertiary-color);--icon1: ;--icon2: ;--border-width: 0px;--border-color: #a8b9c4ff;--border-radius: 10px;\" id=\"937162\" data-value=\"{&quot;type&quot;:&quot;row-column-variable&quot;,&quot;columnVariable&quot;:{&quot;name&quot;:&quot;Tasks&quot;,&quot;field&quot;:&quot;Completion comment&quot;}}\" data-required=\"{&quot;type&quot;:&quot;static&quot;,&quot;value&quot;:&quot;true&quot;}\" data-multiline=\"{&quot;type&quot;:&quot;static&quot;,&quot;value&quot;:&quot;true&quot;}\" class=\"\" data-display-condition=\"{&quot;type&quot;:&quot;condition&quot;,&quot;condition&quot;:{&quot;id&quot;:&quot;&quot;,&quot;name&quot;:&quot;&quot;,&quot;rule&quot;:&quot;and&quot;,&quot;criteria&quot;:[]}}\" data-label=\"{&quot;type&quot;:&quot;static&quot;,&quot;value&quot;:&quot;&quot;}\"></zyllio-form-text><zyllio-button style=\"--button-width: 260px;--icon1: ;--icon2: ;--horizontal-align: center;--vertical-align: center;--text-decoration: none;--font-size: 20px;--font-weight: normal;--font-style: normal;--color: var(--theme-secondary-text-color);--background-color: var(--theme-secondary-color);--background-image: none;--border-width: 0px;--border-color: rgba(0,0,0,1);--border-radius: 25px;--box-shadow: 0 3px 1px -2px rgba(0,0,0,0.2),0 2px 2px 0 rgba(0,0,0,0.14),0 1px 5px 0 rgba(0,0,0,0.12);\" id=\"726545\" data-text=\"{&quot;type&quot;:&quot;static&quot;,&quot;value&quot;:&quot;Complete it&quot;}\" data-action=\"{&quot;type&quot;:&quot;action&quot;,&quot;actionFlow&quot;:{&quot;id&quot;:&quot;&quot;,&quot;firstStepId&quot;:&quot;1&quot;,&quot;actionSteps&quot;:[{&quot;action&quot;:{&quot;id&quot;:&quot;update-selected-row&quot;,&quot;name&quot;:&quot;Update a selected row&quot;,&quot;properties&quot;:[{&quot;id&quot;:&quot;rows&quot;,&quot;name&quot;:&quot;Selection&quot;,&quot;value&quot;:{&quot;type&quot;:&quot;table-row&quot;,&quot;variableName&quot;:&quot;Tasks&quot;,&quot;properties&quot;:[{&quot;id&quot;:&quot;Name&quot;,&quot;name&quot;:&quot;Name&quot;,&quot;value&quot;:{&quot;type&quot;:&quot;row-column-variable&quot;,&quot;columnVariable&quot;:{&quot;name&quot;:&quot;Tasks&quot;,&quot;field&quot;:&quot;Name&quot;}}},{&quot;id&quot;:&quot;Completion&quot;,&quot;name&quot;:&quot;Completion&quot;,&quot;value&quot;:{&quot;type&quot;:&quot;static&quot;,&quot;value&quot;:&quot;100&quot;}},{&quot;id&quot;:&quot;Completion date&quot;,&quot;name&quot;:&quot;Completion date&quot;,&quot;value&quot;:{&quot;type&quot;:&quot;formula&quot;,&quot;formula&quot;:{&quot;values&quot;:[{&quot;id&quot;:&quot;current-date-time&quot;,&quot;name&quot;:&quot;Current date &amp; time&quot;,&quot;properties&quot;:[],&quot;format&quot;:{&quot;type&quot;:&quot;date&quot;,&quot;value&quot;:{&quot;display&quot;:&quot;date-only&quot;,&quot;format&quot;:&quot;none&quot;}}}]}}},{&quot;id&quot;:&quot;Completion comment&quot;,&quot;name&quot;:&quot;Completion comment&quot;,&quot;value&quot;:{&quot;type&quot;:&quot;row-column-variable&quot;,&quot;columnVariable&quot;:{&quot;name&quot;:&quot;Tasks&quot;,&quot;field&quot;:&quot;Completion comment&quot;}}},{&quot;id&quot;:&quot;Project name&quot;,&quot;name&quot;:&quot;Project name&quot;,&quot;value&quot;:{&quot;type&quot;:&quot;row-column-variable&quot;,&quot;columnVariable&quot;:{&quot;name&quot;:&quot;Tasks&quot;,&quot;field&quot;:&quot;Project name&quot;}}}],&quot;tableId&quot;:&quot;6c405631-3aaf-3557-ebd2-538ecfb5e849&quot;}}]},&quot;id&quot;:&quot;1&quot;,&quot;transitions&quot;:[{&quot;id&quot;:&quot;complete&quot;,&quot;next&quot;:&quot;2&quot;}]},{&quot;action&quot;:{&quot;id&quot;:&quot;goto&quot;,&quot;name&quot;:&quot;Go to screen&quot;,&quot;properties&quot;:[{&quot;id&quot;:&quot;screen&quot;,&quot;name&quot;:&quot;Screen&quot;,&quot;value&quot;:{&quot;type&quot;:&quot;screen&quot;,&quot;screenId&quot;:&quot;14&quot;}}]},&quot;id&quot;:&quot;2&quot;,&quot;transitions&quot;:[{&quot;id&quot;:&quot;complete&quot;}]}]}}\" class=\"\" data-display-condition=\"{&quot;type&quot;:&quot;display-condition&quot;,&quot;condition&quot;:{&quot;id&quot;:&quot;&quot;,&quot;name&quot;:&quot;&quot;,&quot;rule&quot;:&quot;and&quot;,&quot;criteria&quot;:[]}}\"></zyllio-button>","top":86,"left":2891,"styles":[{"id":"display","value":"flex"},{"id":"flex-direction","value":"column"},{"id":"gap","value":"0px"},{"id":"width","value":"360px"},{"id":"height","value":"594px"},{"id":"background-color","value":"var(--theme-background-color)"},{"id":"background-image","value":"none"},{"id":"background-repeat","value":"no-repeat"},{"id":"icon","value":""}],"isFirst":false},{"id":"20","label":"Create task","htmlContent":"<zyllio-header style=\"--icon1: '\\f2ca'; --icon2: '\\f419'; --horizontal-align: center; --vertical-align: center; --text-decoration: none; --font-size: var(--theme-font-size); --font-weight: normal; --font-style: normal; --color: var(--theme-primary-text-color); --background-color: var(--theme-primary-color); --border-width: 0px; --border-color: rgba(0,0,0,1); --border-radius: 0px;\" id=\"523258\" data-text=\"{&quot;type&quot;:&quot;static&quot;,&quot;value&quot;:&quot;New Tasks&quot;}\" class=\"\"></zyllio-header><zyllio-form-text style=\"--font-size: var(--theme-font-size); --color: var(--theme-tertiary-text-color); --background-color: var(--theme-tertiary-color); --icon1: ; --icon2: ; --border-width: 0px; --border-color: #a8b9c4ff; --border-radius: 10px;\" id=\"214328\" data-value=\"{&quot;type&quot;:&quot;simple-variable&quot;,&quot;variableName&quot;:&quot;Name&quot;}\" data-required=\"{&quot;type&quot;:&quot;static&quot;,&quot;value&quot;:&quot;true&quot;}\" data-multiline=\"{&quot;type&quot;:&quot;static&quot;,&quot;value&quot;:&quot;false&quot;}\" class=\"\"></zyllio-form-text><zyllio-form-dropdown style=\"--font-size: var(--theme-font-size); --list-font-size: var(--theme-font-size); --list-color: var(--theme-tertiary-text-color); --color: var(--theme-tertiary-text-color); --list-selected-color: var(--theme-secondary-text-color); --background-color: var(--theme-tertiary-color); --list-selected-background-color: var(--theme-secondary-color); --list-background-color: var(--theme-tertiary-color); --border-width: 0px; --border-color: #000000; --border-radius: 0px; --list-border-radius: 10px; --list-item-height: 54px;\" id=\"900719\" data-value=\"{&quot;type&quot;:&quot;row-variable&quot;,&quot;tableId&quot;:&quot;3e12224d34d8&quot;,&quot;variableName&quot;:&quot;Task projects&quot;}\" data-required=\"{&quot;type&quot;:&quot;static&quot;,&quot;value&quot;:&quot;true&quot;}\" data-table=\"{&quot;type&quot;:&quot;table&quot;,&quot;tableId&quot;:&quot;3e12224d34d8&quot;}\" data-title=\"{&quot;type&quot;:&quot;column&quot;,&quot;tableId&quot;:&quot;3e12224d34d8&quot;,&quot;columnName&quot;:&quot;Name&quot;}\" data-subtitle=\"{&quot;type&quot;:&quot;column&quot;,&quot;tableId&quot;:&quot;3e12224d34d8&quot;,&quot;columnName&quot;:&quot;Customer&quot;}\" data-image=\"{&quot;type&quot;:&quot;column&quot;,&quot;tableId&quot;:&quot;3e12224d34d8&quot;,&quot;columnName&quot;:&quot;Image&quot;}\" data-filter=\"{&quot;type&quot;:&quot;filter&quot;,&quot;tableId&quot;:&quot;3e12224d34d8&quot;,&quot;filter&quot;:{&quot;id&quot;:&quot;&quot;,&quot;name&quot;:&quot;&quot;,&quot;rule&quot;:&quot;and&quot;,&quot;criteria&quot;:[]}}\" data-sort=\"{&quot;type&quot;:&quot;sort&quot;,&quot;tableId&quot;:&quot;3e12224d34d8&quot;,&quot;columnName&quot;:&quot;&quot;,&quot;asc&quot;:true}\" data-max-items=\"{&quot;type&quot;:&quot;static&quot;,&quot;value&quot;:&quot;30&quot;}\" data-profile=\"{&quot;type&quot;:&quot;static&quot;,&quot;value&quot;:&quot;false&quot;}\" class=\"\"></zyllio-form-dropdown><zyllio-button style=\"--button-width: 260px; --icon1: ; --icon2: ; --horizontal-align: center; --vertical-align: center; --text-decoration: none; --font-size: var(--theme-font-size); --font-weight: normal; --font-style: normal; --color: var(--theme-secondary-text-color); --background-color: var(--theme-secondary-color); --background-image: none; --border-width: 0px; --border-color: rgba(0,0,0,1); --border-radius: 25px; --box-shadow: 0 3px 1px -2px rgba(0,0,0,0.2),0 2px 2px 0 rgba(0,0,0,0.14),0 1px 5px 0 rgba(0,0,0,0.12);\" id=\"467318\" data-text=\"{&quot;type&quot;:&quot;static&quot;,&quot;value&quot;:&quot;Create&quot;}\" data-action=\"{&quot;type&quot;:&quot;action&quot;,&quot;actionFlow&quot;:{&quot;id&quot;:&quot;&quot;,&quot;firstStepId&quot;:&quot;1&quot;,&quot;actionSteps&quot;:[{&quot;action&quot;:{&quot;id&quot;:&quot;create-row&quot;,&quot;name&quot;:&quot;Create a row&quot;,&quot;properties&quot;:[{&quot;id&quot;:&quot;rows&quot;,&quot;name&quot;:&quot;Table&quot;,&quot;value&quot;:{&quot;type&quot;:&quot;table-row&quot;,&quot;tableId&quot;:&quot;6c405631-3aaf-3557-ebd2-538ecfb5e849&quot;,&quot;properties&quot;:[{&quot;id&quot;:&quot;Name&quot;,&quot;name&quot;:&quot;Name&quot;,&quot;value&quot;:{&quot;type&quot;:&quot;simple-variable&quot;,&quot;variableName&quot;:&quot;Name&quot;}},{&quot;id&quot;:&quot;Completion&quot;,&quot;name&quot;:&quot;Completion&quot;,&quot;value&quot;:{&quot;type&quot;:&quot;static&quot;,&quot;value&quot;:&quot;0&quot;}},{&quot;id&quot;:&quot;Completion date&quot;,&quot;name&quot;:&quot;Completion date&quot;,&quot;value&quot;:{&quot;type&quot;:&quot;simple-variable&quot;,&quot;variableName&quot;:&quot;Completion date&quot;}},{&quot;id&quot;:&quot;Completion comment&quot;,&quot;name&quot;:&quot;Completion comment&quot;,&quot;value&quot;:{&quot;type&quot;:&quot;simple-variable&quot;,&quot;variableName&quot;:&quot;Completion comment&quot;}},{&quot;id&quot;:&quot;Project name&quot;,&quot;name&quot;:&quot;Project name&quot;,&quot;value&quot;:{&quot;type&quot;:&quot;row-column-variable&quot;,&quot;columnVariable&quot;:{&quot;name&quot;:&quot;Task projects&quot;,&quot;field&quot;:&quot;Name&quot;}}}]}}]},&quot;id&quot;:&quot;1&quot;,&quot;transitions&quot;:[{&quot;id&quot;:&quot;complete&quot;,&quot;next&quot;:&quot;2&quot;}]},{&quot;action&quot;:{&quot;id&quot;:&quot;goto&quot;,&quot;name&quot;:&quot;Go to screen&quot;,&quot;properties&quot;:[{&quot;id&quot;:&quot;screen&quot;,&quot;name&quot;:&quot;Screen&quot;,&quot;value&quot;:{&quot;type&quot;:&quot;screen&quot;,&quot;screenId&quot;:&quot;10&quot;}}]},&quot;id&quot;:&quot;2&quot;,&quot;transitions&quot;:[{&quot;id&quot;:&quot;complete&quot;}]}]}}\" class=\"\"></zyllio-button>","top":1600,"left":1920,"styles":[{"id":"display","value":"flex"},{"id":"flex-direction","value":"column"},{"id":"gap","value":"0px"},{"id":"width","value":"360px"},{"id":"height","value":"477px"},{"id":"background-color","value":"var(--theme-background-color)"},{"id":"background-image","value":"none"},{"id":"background-repeat","value":"no-repeat"},{"id":"icon","value":""}],"isFirst":false},{"id":"14","label":"Dashboard","htmlContent":"<zyllio-header style=\"--icon1: '\\f2ca'; --icon2: '\\f419'; --horizontal-align: center; --vertical-align: center; --text-decoration: none; --font-size: var(--theme-font-size); --font-weight: normal; --font-style: normal; --color: var(--theme-primary-text-color); --background-color: var(--theme-primary-color); --border-width: 0px; --border-color: rgba(0,0,0,1); --border-radius: 0px;\" id=\"506565\" data-text=\"{&quot;type&quot;:&quot;static&quot;,&quot;value&quot;:&quot;Dashboard&quot;}\" class=\"\"></zyllio-header><zyllio-text style=\"--horizontal-align: start; --vertical-align: flex-start; --text-decoration: none; --font-size: var(--theme-font-size); --font-weight: bold; --font-style: normal; --color: var(--theme-text-color); --background-color: #ffffff00; --background-image: none; --padding: 0; --border-width: 0px; --border-color: rgba(0,0,0,1); --border-radius: 0px;\" id=\"818189\" data-text=\"{&quot;type&quot;:&quot;static&quot;,&quot;value&quot;:&quot;Tasks completed&quot;}\" class=\"\"></zyllio-text><zyllio-progress style=\"--color: var(--theme-text-color);--background-color: var(--theme-tertiary-color);--fill-color: var(--theme-secondary-color);\" id=\"055576\" data-value=\"{&quot;type&quot;:&quot;formula&quot;,&quot;formula&quot;:{&quot;values&quot;:[{&quot;id&quot;:&quot;count-rows&quot;,&quot;name&quot;:&quot;Count rows&quot;,&quot;properties&quot;:[{&quot;id&quot;:&quot;table&quot;,&quot;name&quot;:&quot;Table&quot;,&quot;value&quot;:{&quot;type&quot;:&quot;table&quot;,&quot;tableId&quot;:&quot;6c405631-3aaf-3557-ebd2-538ecfb5e849&quot;}},{&quot;id&quot;:&quot;filter&quot;,&quot;name&quot;:&quot;Filter&quot;,&quot;value&quot;:{&quot;type&quot;:&quot;static&quot;,&quot;value&quot;:&quot;&quot;,&quot;tableId&quot;:&quot;6c405631-3aaf-3557-ebd2-538ecfb5e849&quot;,&quot;filter&quot;:{&quot;id&quot;:&quot;&quot;,&quot;name&quot;:&quot;&quot;,&quot;rule&quot;:&quot;and&quot;,&quot;criteria&quot;:[{&quot;operand1&quot;:{&quot;value&quot;:{&quot;type&quot;:&quot;column&quot;,&quot;columnName&quot;:&quot;Completion&quot;,&quot;tableId&quot;:&quot;6c405631-3aaf-3557-ebd2-538ecfb5e849&quot;}},&quot;operand2&quot;:{&quot;value&quot;:{&quot;type&quot;:&quot;static&quot;,&quot;value&quot;:&quot;100&quot;}},&quot;operator&quot;:&quot;equals&quot;}]}}}],&quot;format&quot;:{&quot;type&quot;:&quot;number&quot;,&quot;value&quot;:{&quot;decimals&quot;:&quot;2&quot;,&quot;unit&quot;:&quot;&quot;}}}]}}\" data-maximum=\"{&quot;type&quot;:&quot;formula&quot;,&quot;formula&quot;:{&quot;values&quot;:[{&quot;id&quot;:&quot;count-rows&quot;,&quot;name&quot;:&quot;Count rows&quot;,&quot;properties&quot;:[{&quot;id&quot;:&quot;table&quot;,&quot;name&quot;:&quot;Table&quot;,&quot;value&quot;:{&quot;type&quot;:&quot;table&quot;,&quot;tableId&quot;:&quot;6c405631-3aaf-3557-ebd2-538ecfb5e849&quot;}},{&quot;id&quot;:&quot;filter&quot;,&quot;name&quot;:&quot;Filter&quot;,&quot;value&quot;:{&quot;type&quot;:&quot;static&quot;,&quot;value&quot;:&quot;&quot;,&quot;tableId&quot;:&quot;6c405631-3aaf-3557-ebd2-538ecfb5e849&quot;,&quot;filter&quot;:{&quot;id&quot;:&quot;&quot;,&quot;name&quot;:&quot;&quot;,&quot;rule&quot;:&quot;and&quot;,&quot;criteria&quot;:[]}}}],&quot;format&quot;:{&quot;type&quot;:&quot;number&quot;,&quot;value&quot;:{&quot;decimals&quot;:&quot;2&quot;,&quot;unit&quot;:&quot;&quot;}}}]}}\" data-shape=\"{&quot;type&quot;:&quot;static&quot;,&quot;value&quot;:&quot;Circle&quot;}\" class=\"\"></zyllio-progress><zyllio-statistic style=\"--icon: '\\f27b'; --horizontal-align: start; --vertical-align: center; --font-size: var(--theme-font-size); --color: var(--theme-primary-text-color); --background-color: rgba(37,114,207,1); --background-image: none; --padding: 10px; --border-width: 0px; --border-color: rgba(0,0,0,1); --border-radius: 10px;\" id=\"225551\" data-label=\"{&quot;type&quot;:&quot;static&quot;,&quot;value&quot;:&quot;Projects&quot;}\" data-value=\"{&quot;type&quot;:&quot;formula&quot;,&quot;formula&quot;:{&quot;values&quot;:[{&quot;id&quot;:&quot;count-rows&quot;,&quot;name&quot;:&quot;Count rows&quot;,&quot;properties&quot;:[{&quot;id&quot;:&quot;table&quot;,&quot;name&quot;:&quot;Table&quot;,&quot;value&quot;:{&quot;type&quot;:&quot;table&quot;,&quot;tableId&quot;:&quot;3e12224d34d8&quot;}},{&quot;id&quot;:&quot;filter&quot;,&quot;name&quot;:&quot;Filter&quot;,&quot;value&quot;:{&quot;type&quot;:&quot;static&quot;,&quot;value&quot;:&quot;&quot;,&quot;tableId&quot;:&quot;3e12224d34d8&quot;,&quot;filter&quot;:{&quot;id&quot;:&quot;&quot;,&quot;name&quot;:&quot;&quot;,&quot;rule&quot;:&quot;and&quot;,&quot;criteria&quot;:[]}}}],&quot;format&quot;:{&quot;type&quot;:&quot;whole-number&quot;,&quot;value&quot;:{&quot;decimals&quot;:&quot;0&quot;,&quot;unit&quot;:&quot;&quot;}}},&quot;&nbsp;&quot;]}}\" class=\"\" transition=\"18\"></zyllio-statistic><zyllio-statistic style=\"--icon: '\\f391'; --horizontal-align: start; --vertical-align: center; --font-size: var(--theme-font-size); --color: var(--theme-primary-text-color); --background-color: rgba(8,44,87,1); --background-image: none; --padding: 10px; --border-width: 0px; --border-color: rgba(0,0,0,1); --border-radius: 10px;\" id=\"064604\" data-label=\"{&quot;type&quot;:&quot;static&quot;,&quot;value&quot;:&quot;Tasks&quot;}\" data-value=\"{&quot;type&quot;:&quot;formula&quot;,&quot;formula&quot;:{&quot;values&quot;:[{&quot;id&quot;:&quot;count-rows&quot;,&quot;name&quot;:&quot;Count rows&quot;,&quot;properties&quot;:[{&quot;id&quot;:&quot;table&quot;,&quot;name&quot;:&quot;Table&quot;,&quot;value&quot;:{&quot;type&quot;:&quot;table&quot;,&quot;tableId&quot;:&quot;6c405631-3aaf-3557-ebd2-538ecfb5e849&quot;}},{&quot;id&quot;:&quot;filter&quot;,&quot;name&quot;:&quot;Filter&quot;,&quot;value&quot;:{&quot;type&quot;:&quot;static&quot;,&quot;value&quot;:&quot;&quot;,&quot;tableId&quot;:&quot;6c405631-3aaf-3557-ebd2-538ecfb5e849&quot;,&quot;filter&quot;:{&quot;id&quot;:&quot;&quot;,&quot;name&quot;:&quot;&quot;,&quot;rule&quot;:&quot;and&quot;,&quot;criteria&quot;:[]}}}],&quot;format&quot;:{&quot;type&quot;:&quot;whole-number&quot;,&quot;value&quot;:{&quot;decimals&quot;:&quot;0&quot;,&quot;unit&quot;:&quot;&quot;}}}]}}\" class=\"\" transition=\"10\"></zyllio-statistic><zyllio-text style=\"--horizontal-align: start; --vertical-align: flex-start; --text-decoration: none; --font-size: var(--theme-font-size); --font-weight: bold; --font-style: normal; --color: var(--theme-text-color); --background-color: #ffffff00; --background-image: none; --padding: 0; --border-width: 0px; --border-color: rgba(0,0,0,1); --border-radius: 0px;\" id=\"289261\" data-text=\"{&quot;type&quot;:&quot;static&quot;,&quot;value&quot;:&quot;Teams capacity&quot;}\" class=\"\"></zyllio-text><zyllio-progress style=\"--color: var(--theme-text-color);--background-color: var(--theme-tertiary-color);--fill-color: var(--theme-secondary-color);\" id=\"851297\" data-value=\"{&quot;type&quot;:&quot;formula&quot;,&quot;formula&quot;:{&quot;values&quot;:[{&quot;id&quot;:&quot;count-rows&quot;,&quot;name&quot;:&quot;Count rows&quot;,&quot;properties&quot;:[{&quot;id&quot;:&quot;table&quot;,&quot;name&quot;:&quot;Table&quot;,&quot;value&quot;:{&quot;type&quot;:&quot;table&quot;,&quot;tableId&quot;:&quot;3e12224d34d8&quot;}},{&quot;id&quot;:&quot;filter&quot;,&quot;name&quot;:&quot;Filter&quot;,&quot;value&quot;:{&quot;type&quot;:&quot;static&quot;,&quot;value&quot;:&quot;&quot;,&quot;tableId&quot;:&quot;3e12224d34d8&quot;,&quot;filter&quot;:{&quot;id&quot;:&quot;&quot;,&quot;name&quot;:&quot;&quot;,&quot;rule&quot;:&quot;and&quot;,&quot;criteria&quot;:[]}}}],&quot;format&quot;:{&quot;type&quot;:&quot;number&quot;,&quot;value&quot;:{&quot;decimals&quot;:&quot;2&quot;,&quot;unit&quot;:&quot;&quot;}}}]}}\" data-maximum=\"{&quot;type&quot;:&quot;static&quot;,&quot;value&quot;:10}\" data-shape=\"{&quot;type&quot;:&quot;static&quot;,&quot;value&quot;:&quot;Bar&quot;}\" class=\"\"></zyllio-progress>","top":80,"left":980,"styles":[{"id":"display","value":"flex"},{"id":"flex-direction","value":"column"},{"id":"gap","value":"0px"},{"id":"width","value":"360px"},{"id":"height","value":"850px"},{"id":"background-color","value":"var(--theme-background-color)"},{"id":"background-image","value":"none"},{"id":"background-repeat","value":"no-repeat"},{"id":"icon","value":"'\\f39d'"}],"isFirst":false},{"id":"16","label":"Login ","htmlContent":"<zyllio-image style=\"--background-color: rgba(0,0,0,0);--padding: 0px;\" id=\"1123554\" data-image=\"{&quot;type&quot;:&quot;static&quot;,&quot;value&quot;:&quot;./api/applications/fb868af9fded/assets/task-icon.png&quot;}\" data-size=\"{&quot;type&quot;:&quot;static&quot;,&quot;value&quot;:&quot;Medium&quot;}\" data-profile=\"{&quot;type&quot;:&quot;static&quot;,&quot;value&quot;:&quot;false&quot;}\" data-action=\"{&quot;type&quot;:&quot;action&quot;,&quot;actionFlow&quot;:{&quot;id&quot;:&quot;&quot;,&quot;firstStepId&quot;:&quot;&quot;,&quot;actionSteps&quot;:[]}}\" class=\"\"></zyllio-image><zyllio-text style=\"--horizontal-align: center;--vertical-align: center;--text-decoration: none;--font-size: 30px;--font-weight: bold;--font-style: normal;--color: var(--theme-text-color);--background-color: #ffffff00;--background-image: none;--padding: 10px;--border-width: 0px;--border-color: rgba(0,0,0,1);--border-radius: 0px;\" id=\"332300\" data-text=\"{&quot;type&quot;:&quot;static&quot;,&quot;value&quot;:&quot;Login&quot;}\" class=\"\" data-size=\"{&quot;type&quot;:&quot;static&quot;,&quot;value&quot;:&quot;Small&quot;}\"></zyllio-text><zyllio-form-text style=\"--font-size: var(--theme-font-size); --color: var(--theme-tertiary-text-color); --background-color: var(--theme-tertiary-color); --icon1: ; --icon2: ; --border-width: 0px; --border-color: #a8b9c4ff; --border-radius: 10px;\" id=\"274030\" data-value=\"{&quot;type&quot;:&quot;simple-variable&quot;,&quot;variableName&quot;:&quot;Email&quot;}\" data-required=\"{&quot;type&quot;:&quot;static&quot;,&quot;value&quot;:&quot;true&quot;}\" data-multiline=\"{&quot;type&quot;:&quot;static&quot;,&quot;value&quot;:&quot;false&quot;}\" class=\"\" data-display-condition=\"{&quot;type&quot;:&quot;condition&quot;,&quot;condition&quot;:{&quot;id&quot;:&quot;&quot;,&quot;name&quot;:&quot;&quot;,&quot;rule&quot;:&quot;and&quot;,&quot;criteria&quot;:[]}}\" data-label=\"{&quot;type&quot;:&quot;static&quot;,&quot;value&quot;:&quot;&quot;}\" data-remember=\"{&quot;type&quot;:&quot;static&quot;,&quot;value&quot;:&quot;true&quot;}\" data-minimum-characters=\"{&quot;type&quot;:&quot;static&quot;,&quot;value&quot;:&quot;0&quot;}\"></zyllio-form-text><zyllio-form-password style=\"--font-size: var(--theme-font-size); --color: var(--theme-tertiary-text-color); --background-color: var(--theme-tertiary-color); --icon1: ; --icon2: ; --border-width: 0px; --border-color: #a8b9c4ff; --border-radius: 10px;\" id=\"370185\" data-value=\"{&quot;type&quot;:&quot;simple-variable&quot;,&quot;variableName&quot;:&quot;Password&quot;}\" data-required=\"{&quot;type&quot;:&quot;static&quot;,&quot;value&quot;:&quot;true&quot;}\" class=\"\" data-display-condition=\"{&quot;type&quot;:&quot;condition&quot;,&quot;condition&quot;:{&quot;id&quot;:&quot;&quot;,&quot;name&quot;:&quot;&quot;,&quot;rule&quot;:&quot;and&quot;,&quot;criteria&quot;:[]}}\" data-label=\"{&quot;type&quot;:&quot;static&quot;,&quot;value&quot;:&quot;&quot;}\" data-remember=\"{&quot;type&quot;:&quot;static&quot;,&quot;value&quot;:&quot;true&quot;}\"></zyllio-form-password><zyllio-button style=\"--button-width: 260px; --icon1: ; --icon2: ; --horizontal-align: center; --vertical-align: center; --text-decoration: none; --font-size: var(--theme-font-size); --font-weight: normal; --font-style: normal; --color: var(--theme-secondary-text-color); --background-color: var(--theme-secondary-color); --background-image: none; --border-width: 0px; --border-color: rgba(0,0,0,1); --border-radius: 25px; --box-shadow: 0 3px 1px -2px rgba(0,0,0,0.2),0 2px 2px 0 rgba(0,0,0,0.14),0 1px 5px 0 rgba(0,0,0,0.12);\" id=\"953865\" data-text=\"{&quot;type&quot;:&quot;static&quot;,&quot;value&quot;:&quot;Enter&quot;}\" data-action=\"{&quot;type&quot;:&quot;action&quot;,&quot;actionFlow&quot;:{&quot;id&quot;:&quot;&quot;,&quot;firstStepId&quot;:&quot;1&quot;,&quot;actionSteps&quot;:[{&quot;action&quot;:{&quot;id&quot;:&quot;login&quot;,&quot;name&quot;:&quot;Login&quot;,&quot;properties&quot;:[{&quot;id&quot;:&quot;value&quot;,&quot;name&quot;:&quot;Variable&quot;,&quot;value&quot;:{&quot;type&quot;:&quot;row-variable&quot;,&quot;tableId&quot;:&quot;4119b711-192f-1c21-cde4-72baae4698e0&quot;,&quot;variableName&quot;:&quot;User&quot;}},{&quot;id&quot;:&quot;table&quot;,&quot;name&quot;:&quot;Users table&quot;,&quot;value&quot;:{&quot;type&quot;:&quot;table&quot;,&quot;tableId&quot;:&quot;4119b711-192f-1c21-cde4-72baae4698e0&quot;}},{&quot;id&quot;:&quot;email&quot;,&quot;name&quot;:&quot;Email&quot;,&quot;value&quot;:{&quot;type&quot;:&quot;simple-variable&quot;,&quot;variableName&quot;:&quot;Email&quot;}},{&quot;id&quot;:&quot;password&quot;,&quot;name&quot;:&quot;Password&quot;,&quot;value&quot;:{&quot;type&quot;:&quot;simple-variable&quot;,&quot;variableName&quot;:&quot;Password&quot;}}]},&quot;id&quot;:&quot;1&quot;,&quot;transitions&quot;:[{&quot;id&quot;:&quot;complete&quot;}]}]}}\" class=\"\" transition=\"14\" data-display-condition=\"{&quot;type&quot;:&quot;condition&quot;,&quot;condition&quot;:{&quot;id&quot;:&quot;&quot;,&quot;name&quot;:&quot;&quot;,&quot;rule&quot;:&quot;and&quot;,&quot;criteria&quot;:[]}}\"></zyllio-button>","top":80,"left":510,"styles":[{"id":"display","value":"flex"},{"id":"flex-direction","value":"column"},{"id":"gap","value":"0px"},{"id":"width","value":"360px"},{"id":"height","value":"850px"},{"id":"background-color","value":"var(--theme-background-color)"},{"id":"background-image","value":"none"},{"id":"background-repeat","value":"no-repeat"},{"id":"icon","value":"'\\f213'"}],"isFirst":false},{"id":"19","label":"Project detail","htmlContent":"<zyllio-header style=\"--icon1: '\\f2ca'; --icon2: '\\f419'; --horizontal-align: center; --vertical-align: center; --text-decoration: none; --font-size: var(--theme-font-size); --font-weight: normal; --font-style: normal; --color: var(--theme-primary-text-color); --background-color: var(--theme-primary-color); --border-width: 0px; --border-color: rgba(0,0,0,1); --border-radius: 0px;\" id=\"854174\" data-text=\"{&quot;type&quot;:&quot;row-column-variable&quot;,&quot;columnVariable&quot;:{&quot;name&quot;:&quot;Projects&quot;,&quot;field&quot;:&quot;Name&quot;}}\" class=\"\"></zyllio-header><zyllio-image style=\"--background-color: rgba(0,0,0,0); --padding: 10px; --border-width: 0px; --border-color: #a8b9c4ff; --border-radius: 10px;\" id=\"727889\" data-display-condition=\"{&quot;type&quot;:&quot;condition&quot;,&quot;condition&quot;:{&quot;rule&quot;:&quot;and&quot;,&quot;criteria&quot;:[]}}\" data-image=\"{&quot;type&quot;:&quot;row-column-variable&quot;,&quot;columnVariable&quot;:{&quot;field&quot;:&quot;Image&quot;,&quot;name&quot;:&quot;Projects&quot;}}\" data-size=\"{&quot;type&quot;:&quot;static&quot;,&quot;value&quot;:&quot;Medium&quot;}\" data-image-layout=\"{&quot;type&quot;:&quot;static&quot;,&quot;value&quot;:&quot;Portrait&quot;}\" data-profile=\"{&quot;type&quot;:&quot;static&quot;,&quot;value&quot;:&quot;false&quot;}\" data-action=\"{&quot;type&quot;:&quot;action&quot;,&quot;actionFlow&quot;:{&quot;firstStepId&quot;:&quot;&quot;,&quot;actionSteps&quot;:[]}}\" class=\"\"></zyllio-image><zyllio-label-text style=\"--horizontal-align: start; --vertical-align: flex-start; --text-decoration: none; --font-size: var(--theme-font-size); --font-weight: normal; --font-style: normal; --color: var(--theme-text-color); --background-color: #ffffff00; --background-image: none; --padding: 0; --border-width: 0px; --border-color: rgba(0,0,0,1); --border-radius: 0px;\" id=\"934782\" data-text=\"{&quot;type&quot;:&quot;row-column-variable&quot;,&quot;columnVariable&quot;:{&quot;field&quot;:&quot;Name&quot;,&quot;name&quot;:&quot;Projects&quot;}}\" class=\"\" data-display-condition=\"{&quot;type&quot;:&quot;condition&quot;,&quot;condition&quot;:{&quot;id&quot;:&quot;&quot;,&quot;name&quot;:&quot;&quot;,&quot;rule&quot;:&quot;and&quot;,&quot;criteria&quot;:[]}}\" data-size=\"{&quot;type&quot;:&quot;static&quot;,&quot;value&quot;:&quot;Tiny&quot;}\" data-label=\"{&quot;type&quot;:&quot;static&quot;,&quot;value&quot;:&quot;&quot;}\"></zyllio-label-text><zyllio-label-text style=\"--horizontal-align: start; --vertical-align: flex-start; --text-decoration: none; --font-size: var(--theme-font-size); --font-weight: normal; --font-style: normal; --color: var(--theme-text-color); --background-color: #ffffff00; --background-image: none; --padding: 0; --border-width: 0px; --border-color: rgba(0,0,0,1); --border-radius: 0px;\" id=\"032533\" data-text=\"{&quot;type&quot;:&quot;row-column-variable&quot;,&quot;columnVariable&quot;:{&quot;field&quot;:&quot;Customer&quot;,&quot;name&quot;:&quot;Projects&quot;}}\" class=\"\" data-display-condition=\"{&quot;type&quot;:&quot;condition&quot;,&quot;condition&quot;:{&quot;id&quot;:&quot;&quot;,&quot;name&quot;:&quot;&quot;,&quot;rule&quot;:&quot;and&quot;,&quot;criteria&quot;:[]}}\" data-size=\"{&quot;type&quot;:&quot;static&quot;,&quot;value&quot;:&quot;Tiny&quot;}\" data-label=\"{&quot;type&quot;:&quot;static&quot;,&quot;value&quot;:&quot;&quot;}\"></zyllio-label-text><zyllio-label-text style=\"--horizontal-align: start; --vertical-align: flex-start; --text-decoration: none; --font-size: var(--theme-font-size); --font-weight: normal; --font-style: normal; --color: var(--theme-text-color); --background-color: #ffffff00; --background-image: none; --padding: 0; --border-width: 0px; --border-color: rgba(0,0,0,1); --border-radius: 0px;\" id=\"382629\" data-text=\"{&quot;type&quot;:&quot;row-column-variable&quot;,&quot;columnVariable&quot;:{&quot;field&quot;:&quot;Category&quot;,&quot;name&quot;:&quot;Projects&quot;}}\" class=\"\" data-display-condition=\"{&quot;type&quot;:&quot;condition&quot;,&quot;condition&quot;:{&quot;id&quot;:&quot;&quot;,&quot;name&quot;:&quot;&quot;,&quot;rule&quot;:&quot;and&quot;,&quot;criteria&quot;:[]}}\" data-size=\"{&quot;type&quot;:&quot;static&quot;,&quot;value&quot;:&quot;Tiny&quot;}\" data-label=\"{&quot;type&quot;:&quot;static&quot;,&quot;value&quot;:&quot;&quot;}\"></zyllio-label-text><zyllio-label-text style=\"--horizontal-align: start; --vertical-align: flex-start; --text-decoration: none; --font-size: var(--theme-font-size); --font-weight: normal; --font-style: normal; --color: var(--theme-text-color); --background-color: #ffffff00; --background-image: none; --padding: 0; --border-width: 0px; --border-color: rgba(0,0,0,1); --border-radius: 0px;\" id=\"694440\" data-text=\"{&quot;type&quot;:&quot;row-column-variable&quot;,&quot;columnVariable&quot;:{&quot;field&quot;:&quot;Due date&quot;,&quot;name&quot;:&quot;Projects&quot;}}\" class=\"\" data-display-condition=\"{&quot;type&quot;:&quot;condition&quot;,&quot;condition&quot;:{&quot;id&quot;:&quot;&quot;,&quot;name&quot;:&quot;&quot;,&quot;rule&quot;:&quot;and&quot;,&quot;criteria&quot;:[]}}\" data-size=\"{&quot;type&quot;:&quot;static&quot;,&quot;value&quot;:&quot;Tiny&quot;}\" data-label=\"{&quot;type&quot;:&quot;static&quot;,&quot;value&quot;:&quot;&quot;}\"></zyllio-label-text><zyllio-marker style=\"--font-size: 20px;--color: #000000;--background-color: #ffffff00;--border-width: 0px;--border-color: #000000;\" id=\"590086\" data-location=\"{&quot;type&quot;:&quot;row-column-variable&quot;,&quot;columnVariable&quot;:{&quot;field&quot;:&quot;City&quot;,&quot;name&quot;:&quot;Projects&quot;}}\" class=\"\"></zyllio-marker><zyllio-list style=\"--value-color: var(--theme-text-color); --value-font-size: var(--theme-font-size); --font-size: var(--theme-font-size); --color: var(--theme-tertiary-text-color); --selected-color: var(--theme-secondary-text-color); --background-color: var(--theme-tertiary-color); --selected-background-color: var(--theme-secondary-color); --border-width: 0px; --border-color: #000000; --border-radius: 10px; --list-item-height: 54px;\" id=\"662400\" data-value=\"{&quot;type&quot;:&quot;row-variable&quot;,&quot;tableId&quot;:&quot;6c405631-3aaf-3557-ebd2-538ecfb5e849&quot;,&quot;variableName&quot;:&quot;Tasks&quot;}\" data-table=\"{&quot;type&quot;:&quot;row-column-variable&quot;,&quot;columnVariable&quot;:{&quot;field&quot;:&quot;Tasks Reference&quot;,&quot;name&quot;:&quot;Projects&quot;}}\" data-title=\"{&quot;type&quot;:&quot;column&quot;,&quot;tableId&quot;:&quot;6c405631-3aaf-3557-ebd2-538ecfb5e849&quot;,&quot;columnName&quot;:&quot;Name&quot;}\" data-subtitle=\"{&quot;type&quot;:&quot;column&quot;,&quot;tableId&quot;:&quot;6c405631-3aaf-3557-ebd2-538ecfb5e849&quot;,&quot;columnName&quot;:&quot;Completion comment&quot;}\" data-image=\"{&quot;type&quot;:&quot;column&quot;,&quot;tableId&quot;:&quot;6c405631-3aaf-3557-ebd2-538ecfb5e849&quot;,&quot;columnName&quot;:&quot;&quot;}\" data-filter=\"{&quot;type&quot;:&quot;filter&quot;,&quot;tableId&quot;:&quot;6c405631-3aaf-3557-ebd2-538ecfb5e849&quot;,&quot;filter&quot;:{&quot;id&quot;:&quot;&quot;,&quot;name&quot;:&quot;&quot;,&quot;rule&quot;:&quot;and&quot;,&quot;criteria&quot;:[]}}\" data-sort=\"{&quot;type&quot;:&quot;sort&quot;,&quot;tableId&quot;:&quot;6c405631-3aaf-3557-ebd2-538ecfb5e849&quot;,&quot;columnName&quot;:&quot;&quot;,&quot;asc&quot;:true}\" data-max-items=\"{&quot;type&quot;:&quot;static&quot;,&quot;value&quot;:&quot;30&quot;}\" data-profile=\"{&quot;type&quot;:&quot;static&quot;,&quot;value&quot;:&quot;false&quot;}\" data-display-badge=\"{&quot;type&quot;:&quot;static&quot;,&quot;value&quot;:&quot;true&quot;}\" class=\"\" transition=\"12\"></zyllio-list>","top":80,"left":1910,"styles":[{"id":"display","value":"flex"},{"id":"flex-direction","value":"column"},{"id":"gap","value":"0px"},{"id":"width","value":"360px"},{"id":"height","value":"1428px"},{"id":"background-color","value":"var(--theme-background-color)"},{"id":"background-image","value":"none"},{"id":"background-repeat","value":"no-repeat"},{"id":"icon","value":""}],"isFirst":false},{"id":"18","label":"Projects","htmlContent":"<zyllio-header style=\"--icon1: '\\f2ca'; --icon2: '\\f419'; --horizontal-align: center; --vertical-align: center; --text-decoration: none; --font-size: var(--theme-font-size); --font-weight: normal; --font-style: normal; --color: var(--theme-primary-text-color); --background-color: var(--theme-primary-color); --border-width: 0px; --border-color: rgba(0,0,0,1); --border-radius: 0px;\" id=\"936902\" data-text=\"{&quot;type&quot;:&quot;static&quot;,&quot;value&quot;:&quot;Projects&quot;}\" class=\"\"></zyllio-header><zyllio-form-text style=\"--font-size: var(--theme-font-size); --color: var(--theme-tertiary-text-color); --background-color: var(--theme-tertiary-color); --icon1: ; --icon2: ; --border-width: 0px; --border-color: #a8b9c4ff; --border-radius: 10px;\" id=\"972350\" data-value=\"{&quot;type&quot;:&quot;simple-variable&quot;,&quot;variableName&quot;:&quot;Search&quot;}\" data-required=\"{&quot;type&quot;:&quot;static&quot;,&quot;value&quot;:&quot;false&quot;}\" data-multiline=\"{&quot;type&quot;:&quot;static&quot;,&quot;value&quot;:&quot;false&quot;}\" class=\"\" data-display-condition=\"{&quot;type&quot;:&quot;condition&quot;,&quot;condition&quot;:{&quot;id&quot;:&quot;&quot;,&quot;name&quot;:&quot;&quot;,&quot;rule&quot;:&quot;and&quot;,&quot;criteria&quot;:[]}}\" data-label=\"{&quot;type&quot;:&quot;static&quot;,&quot;value&quot;:&quot;&quot;}\"></zyllio-form-text><zyllio-category style=\"--value-color: var(--theme-text-color); --value-font-size: var(--theme-font-size); --font-size: var(--theme-font-size); --horizontal-align: center; --padding: 10px; --color: #000000ff; --selected-color: var(--theme-secondary-text-color); --background-color: #e5e5e5ff; --selected-background-color: var(--theme-secondary-color); --border-width: 0px; --border-color: rgba(0,0,0,1); --border-radius: 25px;\" id=\"092353\" data-value=\"{&quot;type&quot;:&quot;row-variable&quot;,&quot;tableId&quot;:&quot;bf7fbbf4-9054-340f-1fe4-35424550b750&quot;,&quot;variableName&quot;:&quot;Categories&quot;}\" data-table=\"{&quot;type&quot;:&quot;table&quot;,&quot;tableId&quot;:&quot;bf7fbbf4-9054-340f-1fe4-35424550b750&quot;}\" data-title=\"{&quot;type&quot;:&quot;column&quot;,&quot;tableId&quot;:&quot;bf7fbbf4-9054-340f-1fe4-35424550b750&quot;,&quot;columnName&quot;:&quot;Name&quot;}\" data-visible-items=\"{&quot;type&quot;:&quot;static&quot;,&quot;value&quot;:&quot;3&quot;}\" data-filter=\"{&quot;type&quot;:&quot;filter&quot;,&quot;tableId&quot;:&quot;bf7fbbf4-9054-340f-1fe4-35424550b750&quot;,&quot;filter&quot;:{&quot;id&quot;:&quot;&quot;,&quot;name&quot;:&quot;&quot;,&quot;rule&quot;:&quot;and&quot;,&quot;criteria&quot;:[]}}\" data-sort=\"{&quot;type&quot;:&quot;sort&quot;,&quot;tableId&quot;:&quot;bf7fbbf4-9054-340f-1fe4-35424550b750&quot;,&quot;columnName&quot;:&quot;&quot;,&quot;asc&quot;:true}\" class=\"\" data-display-badge=\"{&quot;type&quot;:&quot;static&quot;,&quot;value&quot;:&quot;false&quot;}\"></zyllio-category><zyllio-footer style=\"--color: var(--theme-text-color); --background-color: var(--theme-background-color); --border-width: 0px; --border-color: rgba(0,0,0,1); --border-radius: 0px; --box-shadow: none; --icon1: '\\f217';\" id=\"988803\" data-display-button=\"{&quot;type&quot;:&quot;static&quot;,&quot;value&quot;:&quot;true&quot;}\" data-action=\"{&quot;type&quot;:&quot;action&quot;,&quot;actionFlow&quot;:{&quot;id&quot;:&quot;&quot;,&quot;firstStepId&quot;:&quot;&quot;,&quot;actionSteps&quot;:[]}}\" data-screens=\"{&quot;type&quot;:&quot;screens&quot;,&quot;screenIds&quot;:[&quot;14&quot;,&quot;10&quot;]}\" class=\"\" transition=\"20\" data-display-labels=\"{&quot;type&quot;:&quot;static&quot;,&quot;value&quot;:&quot;true&quot;}\"></zyllio-footer><zyllio-grid style=\"--value-color: var(--theme-text-color); --value-font-size: var(--theme-font-size); --font-size: var(--theme-font-size); --horizontal-align: start; --padding: 10px; --color: #ffffff; --selected-color: #ffffff; --background-color: #00000050; --selected-background-color: #000000ba; --border-width: 0px; --border-color: #000000; --border-radius: 10px;\" id=\"802168\" data-value=\"{&quot;type&quot;:&quot;row-variable&quot;,&quot;tableId&quot;:&quot;3e12224d34d8&quot;,&quot;variableName&quot;:&quot;Projects&quot;}\" data-table=\"{&quot;type&quot;:&quot;table&quot;,&quot;tableId&quot;:&quot;3e12224d34d8&quot;}\" data-title=\"{&quot;type&quot;:&quot;column&quot;,&quot;tableId&quot;:&quot;3e12224d34d8&quot;,&quot;columnName&quot;:&quot;Name&quot;}\" data-subtitle=\"{&quot;type&quot;:&quot;column&quot;,&quot;tableId&quot;:&quot;3e12224d34d8&quot;,&quot;columnName&quot;:&quot;Customer&quot;}\" data-image=\"{&quot;type&quot;:&quot;column&quot;,&quot;tableId&quot;:&quot;3e12224d34d8&quot;,&quot;columnName&quot;:&quot;Image&quot;}\" data-items-per-row=\"{&quot;type&quot;:&quot;static&quot;,&quot;value&quot;:&quot;1&quot;}\" data-size=\"{&quot;type&quot;:&quot;static&quot;,&quot;value&quot;:&quot;Small&quot;}\" data-image-layout=\"{&quot;type&quot;:&quot;static&quot;,&quot;value&quot;:&quot;Portrait&quot;}\" data-filter=\"{&quot;type&quot;:&quot;filter&quot;,&quot;tableId&quot;:&quot;3e12224d34d8&quot;,&quot;filter&quot;:{&quot;id&quot;:&quot;&quot;,&quot;name&quot;:&quot;&quot;,&quot;rule&quot;:&quot;and&quot;,&quot;criteria&quot;:[{&quot;operand1&quot;:{&quot;value&quot;:{&quot;type&quot;:&quot;column&quot;,&quot;columnName&quot;:&quot;Name&quot;,&quot;tableId&quot;:&quot;3e12224d34d8&quot;}},&quot;operand2&quot;:{&quot;value&quot;:{&quot;type&quot;:&quot;simple-variable&quot;,&quot;variableName&quot;:&quot;Search&quot;}},&quot;operator&quot;:&quot;includes&quot;},{&quot;operand1&quot;:{&quot;value&quot;:{&quot;type&quot;:&quot;column&quot;,&quot;columnName&quot;:&quot;Category&quot;,&quot;tableId&quot;:&quot;3e12224d34d8&quot;}},&quot;operand2&quot;:{&quot;value&quot;:{&quot;type&quot;:&quot;row-column-variable&quot;,&quot;columnVariable&quot;:{&quot;name&quot;:&quot;Categories&quot;,&quot;field&quot;:&quot;Value&quot;}}},&quot;operator&quot;:&quot;includes&quot;}]}}\" data-sort=\"{&quot;type&quot;:&quot;sort&quot;,&quot;tableId&quot;:&quot;3e12224d34d8&quot;,&quot;columnName&quot;:&quot;&quot;,&quot;asc&quot;:true}\" data-max-items=\"{&quot;type&quot;:&quot;static&quot;,&quot;value&quot;:&quot;30&quot;}\" data-profile=\"{&quot;type&quot;:&quot;static&quot;,&quot;value&quot;:&quot;false&quot;}\" data-display-badge=\"{&quot;type&quot;:&quot;static&quot;,&quot;value&quot;:&quot;true&quot;}\" class=\"\" transition=\"19\"></zyllio-grid>","top":80,"left":1440,"styles":[{"id":"display","value":"flex"},{"id":"flex-direction","value":"column"},{"id":"gap","value":"0px"},{"id":"width","value":"360px"},{"id":"height","value":"1192px"},{"id":"background-color","value":"var(--theme-background-color)"},{"id":"background-image","value":"none"},{"id":"background-repeat","value":"no-repeat"},{"id":"icon","value":"'\\f27b'"}],"isFirst":false},{"id":"12","label":"Task details","htmlContent":"<zyllio-header style=\"--icon1: '\\f2ca'; --icon2: '\\f419'; --horizontal-align: center; --vertical-align: center; --text-decoration: none; --font-size: var(--theme-font-size); --font-weight: normal; --font-style: normal; --color: var(--theme-primary-text-color); --background-color: var(--theme-primary-color); --border-width: 0px; --border-color: rgba(0,0,0,1); --border-radius: 0px;\" id=\"437920\" data-text=\"{&quot;type&quot;:&quot;row-column-variable&quot;,&quot;columnVariable&quot;:{&quot;name&quot;:&quot;Tasks&quot;,&quot;field&quot;:&quot;Name&quot;}}\" class=\"\"></zyllio-header><zyllio-label-text style=\"--horizontal-align: start; --vertical-align: flex-start; --text-decoration: none; --font-size: var(--theme-font-size); --font-weight: normal; --font-style: normal; --color: var(--theme-text-color); --background-color: #ffffff00; --background-image: none; --padding: 0; --border-width: 0px; --border-color: rgba(0,0,0,1); --border-radius: 0px;\" id=\"968163\" data-text=\"{&quot;type&quot;:&quot;row-column-variable&quot;,&quot;columnVariable&quot;:{&quot;name&quot;:&quot;Tasks&quot;,&quot;field&quot;:&quot;Name&quot;}}\" class=\"\" data-display-condition=\"{&quot;type&quot;:&quot;condition&quot;,&quot;condition&quot;:{&quot;id&quot;:&quot;&quot;,&quot;name&quot;:&quot;&quot;,&quot;rule&quot;:&quot;and&quot;,&quot;criteria&quot;:[]}}\" data-size=\"{&quot;type&quot;:&quot;static&quot;,&quot;value&quot;:&quot;Tiny&quot;}\" data-label=\"{&quot;type&quot;:&quot;static&quot;,&quot;value&quot;:&quot;&quot;}\"></zyllio-label-text><zyllio-label-text style=\"--horizontal-align: start; --vertical-align: flex-start; --text-decoration: none; --font-size: var(--theme-font-size); --font-weight: normal; --font-style: normal; --color: var(--theme-text-color); --background-color: #ffffff00; --background-image: none; --padding: 0; --border-width: 0px; --border-color: rgba(0,0,0,1); --border-radius: 0px;\" id=\"961560\" data-text=\"{&quot;type&quot;:&quot;row-column-variable&quot;,&quot;columnVariable&quot;:{&quot;name&quot;:&quot;Tasks&quot;,&quot;field&quot;:&quot;Completion date&quot;}}\" class=\"\" data-display-condition=\"{&quot;type&quot;:&quot;condition&quot;,&quot;condition&quot;:{&quot;id&quot;:&quot;&quot;,&quot;name&quot;:&quot;&quot;,&quot;rule&quot;:&quot;and&quot;,&quot;criteria&quot;:[]}}\" data-size=\"{&quot;type&quot;:&quot;static&quot;,&quot;value&quot;:&quot;Tiny&quot;}\" data-label=\"{&quot;type&quot;:&quot;static&quot;,&quot;value&quot;:&quot;&quot;}\"></zyllio-label-text><zyllio-label-text style=\"--horizontal-align: start; --vertical-align: flex-start; --text-decoration: none; --font-size: var(--theme-font-size); --font-weight: normal; --font-style: normal; --color: var(--theme-text-color); --background-color: #ffffff00; --background-image: none; --padding: 0; --border-width: 0px; --border-color: rgba(0,0,0,1); --border-radius: 0px;\" id=\"561055\" data-text=\"{&quot;type&quot;:&quot;row-column-variable&quot;,&quot;columnVariable&quot;:{&quot;field&quot;:&quot;Project name&quot;,&quot;name&quot;:&quot;Tasks&quot;}}\" class=\"\" data-display-condition=\"{&quot;type&quot;:&quot;condition&quot;,&quot;condition&quot;:{&quot;id&quot;:&quot;&quot;,&quot;name&quot;:&quot;&quot;,&quot;rule&quot;:&quot;and&quot;,&quot;criteria&quot;:[]}}\" data-size=\"{&quot;type&quot;:&quot;static&quot;,&quot;value&quot;:&quot;Tiny&quot;}\" data-label=\"{&quot;type&quot;:&quot;static&quot;,&quot;value&quot;:&quot;&quot;}\"></zyllio-label-text><zyllio-progress style=\"--icon1: '\\f2fc'; --color: var(--theme-text-color); --background-color: var(--theme-tertiary-color); --fill-color: var(--theme-secondary-color);\" id=\"119433\" data-display-condition=\"{&quot;type&quot;:&quot;condition&quot;,&quot;condition&quot;:{&quot;rule&quot;:&quot;and&quot;,&quot;criteria&quot;:[]}}\" data-value=\"{&quot;type&quot;:&quot;row-column-variable&quot;,&quot;columnVariable&quot;:{&quot;field&quot;:&quot;Completion&quot;,&quot;name&quot;:&quot;Tasks&quot;}}\" data-label=\"{&quot;type&quot;:&quot;static&quot;,&quot;value&quot;:&quot;&quot;}\" data-maximum=\"{&quot;type&quot;:&quot;static&quot;,&quot;value&quot;:&quot;100&quot;}\" data-shape=\"{&quot;type&quot;:&quot;static&quot;,&quot;value&quot;:&quot;Bar&quot;}\" class=\"\"></zyllio-progress><zyllio-button style=\"--button-width: 260px; --icon1: ; --icon2: ; --horizontal-align: center; --vertical-align: center; --text-decoration: none; --font-size: var(--theme-font-size); --font-weight: normal; --font-style: normal; --color: var(--theme-secondary-text-color); --background-color: var(--theme-secondary-color); --background-image: none; --border-width: 0px; --border-color: rgba(0,0,0,1); --border-radius: 25px; --box-shadow: 0 3px 1px -2px rgba(0,0,0,0.2),0 2px 2px 0 rgba(0,0,0,0.14),0 1px 5px 0 rgba(0,0,0,0.12);\" id=\"425438\" data-text=\"{&quot;type&quot;:&quot;static&quot;,&quot;value&quot;:&quot;Complete task&quot;}\" data-action=\"{&quot;type&quot;:&quot;action&quot;,&quot;actionFlow&quot;:{&quot;id&quot;:&quot;&quot;,&quot;firstStepId&quot;:&quot;&quot;,&quot;actionSteps&quot;:[]}}\" class=\"\" transition=\"13\"></zyllio-button>","top":80,"left":2380,"styles":[{"id":"display","value":"flex"},{"id":"flex-direction","value":"column"},{"id":"gap","value":"0px"},{"id":"width","value":"360px"},{"id":"height","value":"593px"},{"id":"background-color","value":"var(--theme-background-color)"},{"id":"background-image","value":"none"},{"id":"background-repeat","value":"no-repeat"},{"id":"icon","value":""}],"isFirst":false},{"id":"10","label":"Tasks","htmlContent":"<zyllio-header style=\"--icon1: '\\f2ca'; --icon2: '\\f419'; --horizontal-align: center; --vertical-align: center; --text-decoration: none; --font-size: var(--theme-font-size); --font-weight: normal; --font-style: normal; --color: var(--theme-primary-text-color); --background-color: var(--theme-primary-color); --border-width: 0px; --border-color: rgba(0,0,0,1); --border-radius: 0px;\" id=\"053149\" data-text=\"{&quot;type&quot;:&quot;static&quot;,&quot;value&quot;:&quot;Tasks&quot;}\" class=\"\"></zyllio-header><zyllio-form-dropdown style=\"--font-size: var(--theme-font-size); --list-font-size: var(--theme-font-size); --list-color: var(--theme-tertiary-text-color); --color: var(--theme-tertiary-text-color); --list-selected-color: var(--theme-secondary-text-color); --background-color: var(--theme-tertiary-color); --list-selected-background-color: var(--theme-secondary-color); --list-background-color: var(--theme-tertiary-color); --border-width: 0px; --border-color: #000000; --border-radius: 0px; --list-border-radius: 10px; --list-item-height: 54px;\" id=\"147578\" data-value=\"{&quot;type&quot;:&quot;row-variable&quot;,&quot;tableId&quot;:&quot;3e12224d34d8&quot;,&quot;variableName&quot;:&quot;Project filter&quot;}\" data-required=\"{&quot;type&quot;:&quot;static&quot;,&quot;value&quot;:&quot;false&quot;}\" data-table=\"{&quot;type&quot;:&quot;table&quot;,&quot;tableId&quot;:&quot;3e12224d34d8&quot;}\" data-title=\"{&quot;type&quot;:&quot;column&quot;,&quot;tableId&quot;:&quot;3e12224d34d8&quot;,&quot;columnName&quot;:&quot;Name&quot;}\" data-subtitle=\"{&quot;type&quot;:&quot;column&quot;,&quot;tableId&quot;:&quot;3e12224d34d8&quot;,&quot;columnName&quot;:&quot;Customer&quot;}\" data-image=\"{&quot;type&quot;:&quot;column&quot;,&quot;tableId&quot;:&quot;3e12224d34d8&quot;,&quot;columnName&quot;:&quot;Image&quot;}\" data-filter=\"{&quot;type&quot;:&quot;filter&quot;,&quot;tableId&quot;:&quot;3e12224d34d8&quot;,&quot;filter&quot;:{&quot;id&quot;:&quot;&quot;,&quot;name&quot;:&quot;&quot;,&quot;rule&quot;:&quot;and&quot;,&quot;criteria&quot;:[]}}\" data-sort=\"{&quot;type&quot;:&quot;sort&quot;,&quot;tableId&quot;:&quot;3e12224d34d8&quot;,&quot;columnName&quot;:&quot;&quot;,&quot;asc&quot;:true}\" data-max-items=\"{&quot;type&quot;:&quot;static&quot;,&quot;value&quot;:&quot;30&quot;}\" data-profile=\"{&quot;type&quot;:&quot;static&quot;,&quot;value&quot;:&quot;false&quot;}\" class=\"\" data-display-condition=\"{&quot;type&quot;:&quot;condition&quot;,&quot;condition&quot;:{&quot;id&quot;:&quot;&quot;,&quot;name&quot;:&quot;&quot;,&quot;rule&quot;:&quot;and&quot;,&quot;criteria&quot;:[]}}\" data-label=\"{&quot;type&quot;:&quot;static&quot;,&quot;value&quot;:&quot;&quot;}\"></zyllio-form-dropdown><zyllio-list style=\"--value-color: var(--theme-text-color); --value-font-size: var(--theme-font-size); --font-size: var(--theme-font-size); --color: var(--theme-tertiary-text-color); --selected-color: var(--theme-secondary-text-color); --background-color: var(--theme-tertiary-color); --selected-background-color: var(--theme-secondary-color); --border-width: 0px; --border-color: #000000; --border-radius: 10px; --list-item-height: 60px;\" id=\"373641\" data-value=\"{&quot;type&quot;:&quot;row-variable&quot;,&quot;tableId&quot;:&quot;6c405631-3aaf-3557-ebd2-538ecfb5e849&quot;,&quot;variableName&quot;:&quot;Tasks&quot;}\" data-table=\"{&quot;type&quot;:&quot;table&quot;,&quot;tableId&quot;:&quot;6c405631-3aaf-3557-ebd2-538ecfb5e849&quot;}\" data-title=\"{&quot;type&quot;:&quot;column&quot;,&quot;tableId&quot;:&quot;6c405631-3aaf-3557-ebd2-538ecfb5e849&quot;,&quot;columnName&quot;:&quot;Name&quot;}\" data-subtitle=\"{&quot;type&quot;:&quot;column&quot;,&quot;tableId&quot;:&quot;6c405631-3aaf-3557-ebd2-538ecfb5e849&quot;,&quot;columnName&quot;:&quot;Project name&quot;}\" data-image=\"{&quot;type&quot;:&quot;column&quot;,&quot;tableId&quot;:&quot;6c405631-3aaf-3557-ebd2-538ecfb5e849&quot;,&quot;columnName&quot;:&quot;&quot;}\" data-filter=\"{&quot;type&quot;:&quot;filter&quot;,&quot;tableId&quot;:&quot;6c405631-3aaf-3557-ebd2-538ecfb5e849&quot;,&quot;filter&quot;:{&quot;id&quot;:&quot;&quot;,&quot;name&quot;:&quot;&quot;,&quot;rule&quot;:&quot;and&quot;,&quot;criteria&quot;:[{&quot;operand1&quot;:{&quot;value&quot;:{&quot;type&quot;:&quot;column&quot;,&quot;columnName&quot;:&quot;Project name&quot;,&quot;tableId&quot;:&quot;6c405631-3aaf-3557-ebd2-538ecfb5e849&quot;}},&quot;operand2&quot;:{&quot;value&quot;:{&quot;type&quot;:&quot;row-column-variable&quot;,&quot;columnVariable&quot;:{&quot;name&quot;:&quot;Project filter&quot;,&quot;field&quot;:&quot;Name&quot;}}},&quot;operator&quot;:&quot;equals&quot;}]}}\" data-sort=\"{&quot;type&quot;:&quot;sort&quot;,&quot;tableId&quot;:&quot;6c405631-3aaf-3557-ebd2-538ecfb5e849&quot;,&quot;columnName&quot;:&quot;&quot;,&quot;asc&quot;:true}\" data-max-items=\"{&quot;type&quot;:&quot;static&quot;,&quot;value&quot;:&quot;30&quot;}\" data-profile=\"{&quot;type&quot;:&quot;static&quot;,&quot;value&quot;:&quot;false&quot;}\" data-display-badge=\"{&quot;type&quot;:&quot;static&quot;,&quot;value&quot;:&quot;true&quot;}\" class=\"\" transition=\"12\"></zyllio-list><zyllio-footer style=\"--color: var(--theme-tertiary-text-color); --background-color: var(--theme-background-color); --border-width: 0px; --border-color: rgba(0,0,0,1); --border-radius: 0px; --box-shadow: none; --icon1: '\\f217';\" id=\"047570\" data-display-button=\"{&quot;type&quot;:&quot;static&quot;,&quot;value&quot;:&quot;true&quot;}\" data-action=\"{&quot;type&quot;:&quot;action&quot;,&quot;actionFlow&quot;:{&quot;id&quot;:&quot;&quot;,&quot;firstStepId&quot;:&quot;&quot;,&quot;actionSteps&quot;:[]}}\" data-screens=\"{&quot;type&quot;:&quot;screens&quot;,&quot;screenIds&quot;:[&quot;14&quot;,&quot;18&quot;]}\" class=\"\" transition=\"20\" data-display-labels=\"{&quot;type&quot;:&quot;static&quot;,&quot;value&quot;:&quot;true&quot;}\"></zyllio-footer>","top":1600,"left":1440,"styles":[{"id":"display","value":"flex"},{"id":"flex-direction","value":"column"},{"id":"gap","value":"0px"},{"id":"width","value":"360px"},{"id":"height","value":"862px"},{"id":"background-color","value":"var(--theme-background-color)"},{"id":"background-image","value":"none"},{"id":"background-repeat","value":"no-repeat"},{"id":"icon","value":"'\\f391'"}],"isFirst":false},{"id":"6","label":"Welcome","htmlContent":"<zyllio-image style=\"--background-color: rgba(0,0,0,0);--padding: 0;\" id=\"062934\" data-image=\"{&quot;type&quot;:&quot;static&quot;,&quot;value&quot;:&quot;./api/applications/fb868af9fded/assets/task-icon.png&quot;}\" data-size=\"{&quot;type&quot;:&quot;static&quot;,&quot;value&quot;:&quot;Medium&quot;}\" data-profile=\"{&quot;type&quot;:&quot;static&quot;,&quot;value&quot;:&quot;false&quot;}\" data-action=\"{&quot;type&quot;:&quot;action&quot;,&quot;actionFlow&quot;:{&quot;id&quot;:&quot;&quot;,&quot;firstStepId&quot;:&quot;&quot;,&quot;actionSteps&quot;:[]}}\" class=\"\"></zyllio-image><zyllio-text style=\"--horizontal-align: center;--vertical-align: center;--text-decoration: none;--font-size: 40px;--font-weight: normal;--font-style: normal;--color: rgba(255,255,255,1);--background-color: #ffffff00;--background-image: none;--padding: 0px;--border-width: 0px;--border-color: rgba(0,0,0,1);--border-radius: 0px;\" id=\"54654654\" data-text=\"{&quot;type&quot;:&quot;static&quot;,&quot;value&quot;:&quot;Tasky !&quot;}\" class=\"\"></zyllio-text><zyllio-text style=\"--horizontal-align: center;--vertical-align: center;--text-decoration: none;--font-size: 24px;--font-weight: normal;--font-style: normal;--color: rgba(255,255,255,1);--background-color: #ffffff00;--background-image: none;--padding: 0px;--border-width: 0px;--border-color: rgba(0,0,0,1);--border-radius: 0px;\" id=\"784283\" data-text=\"{&quot;type&quot;:&quot;static&quot;,&quot;value&quot;:&quot;Task management <br>made simple.&quot;}\" class=\"\" data-size=\"{&quot;type&quot;:&quot;static&quot;,&quot;value&quot;:&quot;Small&quot;}\"></zyllio-text><zyllio-text style=\"--horizontal-align: start;--vertical-align: flex-start;--text-decoration: none;--font-size: 20px;--font-weight: normal;--font-style: normal;--color: var(--theme-text-color);--background-color: #ffffff00;--background-image: none;--padding: 0;--border-width: 0px;--border-color: rgba(0,0,0,1);--border-radius: 0px;\" id=\"012393\" data-text=\"{&quot;type&quot;:&quot;static&quot;,&quot;value&quot;:&quot;&quot;}\" class=\"\"></zyllio-text><zyllio-button style=\"--button-width: 260px; --icon1: ; --icon2: ; --horizontal-align: center; --vertical-align: center; --text-decoration: none; --font-size: var(--theme-font-size); --font-weight: normal; --font-style: normal; --color: var(--theme-secondary-text-color); --background-color: var(--theme-secondary-color); --background-image: none; --padding: 10px; --border-width: 0px; --border-color: rgba(0,0,0,1); --border-radius: 25px; --box-shadow: 0 3px 1px -2px rgba(0,0,0,0.2),0 2px 2px 0 rgba(0,0,0,0.14),0 1px 5px 0 rgba(0,0,0,0.12);\" id=\"105238\" data-text=\"{&quot;type&quot;:&quot;static&quot;,&quot;value&quot;:&quot;enter&quot;}\" data-action=\"{&quot;type&quot;:&quot;action&quot;,&quot;actionFlow&quot;:{&quot;id&quot;:&quot;&quot;,&quot;firstStepId&quot;:&quot;&quot;,&quot;actionSteps&quot;:[]}}\" class=\"\" transition=\"16\"></zyllio-button>","top":80,"left":60,"styles":[{"id":"display","value":"flex"},{"id":"flex-direction","value":"column"},{"id":"gap","value":"0px"},{"id":"width","value":"360px"},{"id":"height","value":"850px"},{"id":"background-color","value":"var(--theme-background-color)"},{"id":"background-image","value":"url('./api/applications/fb868af9fded/assets/tasky-background.png')"},{"id":"background-repeat","value":"no-repeat"},{"id":"icon","value":"'\\f38f'"},{"id":"overflow-x","value":"hidden"}],"isFirst":true}],"tables":[{"id":"6c405631-3aaf-3557-ebd2-538ecfb5e849","name":"Tasks","type":"internal","columns":[{"name":"Name","type":"text","relation":{}},{"name":"Completion","type":"number","relation":{}},{"name":"Completion date","type":"date","relation":{}},{"name":"Completion comment","type":"text","relation":{}},{"name":"Project name","type":"text","relation":{}}],"position":{"top":450.5,"left":863.5}},{"id":"bf7fbbf4-9054-340f-1fe4-35424550b750","name":"Categories","type":"internal","columns":[{"name":"Name","type":"text","relation":{}},{"name":"Value","type":"text","relation":{}}],"position":{"top":137.57142857142858,"left":859.7142857142858}},{"id":"4119b711-192f-1c21-cde4-72baae4698e0","name":"Users","type":"internal","columns":[{"name":"Name","type":"text","relation":{}},{"name":"Password","type":"password","relation":{}},{"name":"Profile","type":"image","relation":{}},{"name":"Phone number","type":"phone-number","relation":{}},{"name":"Email","type":"email","relation":{}}],"position":{"top":123.25,"left":1387.25}},{"id":"3e12224d34d8","name":"Projects","type":"internal","columns":[{"name":"Name","type":"text","relation":{}},{"name":"Customer","type":"text","relation":{}},{"name":"City","type":"location","relation":{}},{"name":"Category","type":"text","relation":{}},{"name":"Image","type":"image","relation":{}},{"name":"Due date","type":"date","relation":{}},{"name":"Category Relation","type":"relation-1","relation":{"fromColumn":"Category","toTable":"Categories","toColumn":"Value"}},{"name":"Tasks Reference","type":"relation-n","relation":{"fromColumn":"Name","toTable":"Tasks","toColumn":"Project name"}}],"position":{"left":400,"top":150}}],"zoom":0.6000000000000001,"plugins":{"plugins":[]},"theme":{"primaryColor":"#164885","primaryTextColor":"#ffffff","secondaryColor":"#d3a518","secondaryTextColor":"#ffffff","tertiaryColor":"#0000000a","tertiaryTextColor":"#000000","backgroundColor":"#ffffff","textColor":"#000000","rtl":false,"fontFamily":"Roboto","fontSize":"16px"},"security":{"apiKey":"38d5d164669alagc2ebj26jgjecpjb3o6fc"},"settings":{"pwa":{"url":"https://zyllio.app/apps/fb868af9fded/"},"native":{"appId":"tasky","appName":"tasky","appVersion":1032},"zapier":{"enabled":false,"apiKey":"38d5d164669a06pkbk2hbp72dpi8lk00kfj9"},"airtable":{"enabled":false,"apiKey":"","database":"","token":""},"stripe":{"enabled":false,"token":"","publicKey":"","production":false,"currency":"USD"},"integromat":{"enabled":false,"apiKey":"38d5d164669al8179fnh66jn420f7o2knnc"},"notion":{"enabled":false,"apiKey":"","database":""},"spreadsheet":{"enabled":false,"apiKey":"","database":""},"make":{"enabled":false,"apiKey":"7b5881a8-8417bfg4m3gnccg3nih06d17lao"},"twilio":{"enabled":false,"apiKey":"","account":""},"timetonic":{"enabled":false,"apiKey":"","userId":""},"gmail":{"enabled":false,"apiKey":""},"pushNotification":{"enabled":false},"customDomain":{"enabled":false,"domain":""},"rest":{"enabled":false,"configurations":[]},"openai":{"enabled":false,"apiKey":""},"offline":{"enabled":false},"googleFonts":{"enabled":false}},"cache":{"entries":{"locationCache-United States":{"x":-100.445882,"y":39.7837304,"label":"États-Unis d'Amérique","bounds":[[-14.7608358,-180],[71.6048217,180]],"raw":{"place_id":282289221,"licence":"Data © OpenStreetMap contributors, ODbL 1.0. https://osm.org/copyright","osm_type":"relation","osm_id":148838,"boundingbox":["-14.7608358","71.6048217","-180","180"],"lat":"39.7837304","lon":"-100.445882","display_name":"États-Unis d'Amérique","class":"boundary","type":"administrative","importance":0.9356913674575887,"icon":"https://nominatim.openstreetmap.org/ui/mapicons/poi_boundary_administrative.p.20.png"}},"locationCache-France":{"x":1.8883335,"y":46.603354,"label":"France","bounds":[[-50.2187169,-178.3873749],[51.3055721,172.3057152]],"raw":{"place_id":282341688,"licence":"Data © OpenStreetMap contributors, ODbL 1.0. https://osm.org/copyright","osm_type":"relation","osm_id":2202162,"boundingbox":["-50.2187169","51.3055721","-178.3873749","172.3057152"],"lat":"46.603354","lon":"1.8883335","display_name":"France","class":"boundary","type":"administrative","importance":1.0233264437396503,"icon":"https://nominatim.openstreetmap.org/ui/mapicons/poi_boundary_administrative.p.20.png"}},"locationCache-South Korea":{"x":127.6961188,"y":36.638392,"label":"Corée du Sud","bounds":[[32.9104556,124.3727348],[38.623477,132.1467806]],"raw":{"place_id":281889877,"licence":"Data © OpenStreetMap contributors, ODbL 1.0. https://osm.org/copyright","osm_type":"relation","osm_id":307756,"boundingbox":["32.9104556","38.623477","124.3727348","132.1467806"],"lat":"36.638392","lon":"127.6961188","display_name":"Corée du Sud","class":"boundary","type":"administrative","importance":0.8024195921473957,"icon":"https://nominatim.openstreetmap.org/ui/mapicons/poi_boundary_administrative.p.20.png"}},"locationCache-Boston":{"x":-71.060511,"y":42.3554334,"label":"Boston, Suffolk County, Massachusetts, États-Unis d'Amérique","bounds":[[42.2279112,-71.1912442],[42.3969775,-70.8044881]],"raw":{"place_id":297978730,"licence":"Data © OpenStreetMap contributors, ODbL 1.0. https://osm.org/copyright","osm_type":"relation","osm_id":2315704,"boundingbox":["42.2279112","42.3969775","-71.1912442","-70.8044881"],"lat":"42.3554334","lon":"-71.060511","display_name":"Boston, Suffolk County, Massachusetts, États-Unis d'Amérique","class":"boundary","type":"administrative","importance":0.8202507899404512,"icon":"https://nominatim.openstreetmap.org/ui/mapicons/poi_boundary_administrative.p.20.png"}},"locationCache-Miami":{"x":-80.19362,"y":25.7741728,"label":"Miami, Comté de Miami-Dade, Floride, 33131, États-Unis d'Amérique","bounds":[[25.6141728,-80.35362],[25.9341728,-80.03362]],"raw":{"place_id":420860,"licence":"Data © OpenStreetMap contributors, ODbL 1.0. https://osm.org/copyright","osm_type":"node","osm_id":154158458,"boundingbox":["25.6141728","25.9341728","-80.35362","-80.03362"],"lat":"25.7741728","lon":"-80.19362","display_name":"Miami, Comté de Miami-Dade, Floride, 33131, États-Unis d'Amérique","class":"place","type":"city","importance":0.785448824339033,"icon":"https://nominatim.openstreetmap.org/ui/mapicons/poi_place_city.p.20.png"}},"locationCache-Boca chica":{"x":-69.61487003494634,"y":18.4570748,"label":"Boca Chica, Santo Domingo, 15700, République dominicaine","bounds":[[18.4003265,-69.7070545],[18.5129981,-69.5148917]],"raw":{"place_id":298647306,"licence":"Data © OpenStreetMap contributors, ODbL 1.0. https://osm.org/copyright","osm_type":"relation","osm_id":7407701,"boundingbox":["18.4003265","18.5129981","-69.7070545","-69.5148917"],"lat":"18.4570748","lon":"-69.61487003494634","display_name":"Boca Chica, Santo Domingo, 15700, République dominicaine","class":"boundary","type":"administrative","importance":0.6100319111955411,"icon":"https://nominatim.openstreetmap.org/ui/mapicons/poi_boundary_administrative.p.20.png"}},"locationCache-Charlotte":{"x":-80.8430827,"y":35.2272086,"label":"Charlotte, Mecklenburg County, Caroline du Nord, États-Unis d'Amérique","bounds":[[35.0105226,-81.009554],[35.393133,-80.670104]],"raw":{"place_id":297948646,"licence":"Data © OpenStreetMap contributors, ODbL 1.0. https://osm.org/copyright","osm_type":"relation","osm_id":177415,"boundingbox":["35.0105226","35.393133","-81.009554","-80.670104"],"lat":"35.2272086","lon":"-80.8430827","display_name":"Charlotte, Mecklenburg County, Caroline du Nord, États-Unis d'Amérique","class":"boundary","type":"administrative","importance":0.7201565157178292,"icon":"https://nominatim.openstreetmap.org/ui/mapicons/poi_boundary_administrative.p.20.png"}}}},"host":"https://www.zyllio.one"}