{"id":"ef4b853bf5cd","name":"MovieTek","description":"This application shows how to build an interactive library of movies including Rating and Youtube teasers","userName":"didier abder","email":"contact@zyllio.com","lastUpdated":"2024-07-08T21:22:57.412Z","screens":[{"id":"4","label":"Create movie","htmlContent":"<zyllio-header style=\"--icon1: '\\f2ca'; --icon2: '\\f419'; --horizontal-align: center; --vertical-align: center; --text-decoration: none; --font-size: var(--theme-font-size); --font-weight: normal; --font-style: normal; --color: var(--theme-primary-text-color); --background-color: rgba(93,16,73,0); --border-width: 0px; --border-color: rgba(0,0,0,1); --border-radius: 0px;\" id=\"978795\" data-text=\"{&quot;type&quot;:&quot;static&quot;,&quot;value&quot;:&quot;New Movie&quot;}\" class=\"\"></zyllio-header><zyllio-form-text style=\"--font-size: var(--theme-font-size); --color: var(--theme-tertiary-text-color); --background-color: var(--theme-tertiary-color); --icon1: ; --icon2: ; --border-width: 0px; --border-color: #a8b9c4ff; --border-radius: 10px;\" id=\"663132\" data-value=\"{&quot;type&quot;:&quot;simple-variable&quot;,&quot;variableName&quot;:&quot;Name&quot;}\" data-required=\"{&quot;type&quot;:&quot;static&quot;,&quot;value&quot;:&quot;true&quot;}\" data-multiline=\"{&quot;type&quot;:&quot;static&quot;,&quot;value&quot;:&quot;false&quot;}\" class=\"\"></zyllio-form-text><zyllio-form-dropdown style=\"--font-size: var(--theme-font-size); --list-font-size: var(--theme-font-size); --list-color: var(--theme-tertiary-text-color); --color: var(--theme-tertiary-text-color); --list-selected-color: var(--theme-secondary-text-color); --background-color: var(--theme-tertiary-color); --list-selected-background-color: var(--theme-secondary-color); --list-background-color: var(--theme-tertiary-color); --border-width: 0px; --border-color: #000000; --border-radius: 0px; --list-border-radius: 10px; --list-item-height: 54px;\" id=\"824311\" data-value=\"{&quot;type&quot;:&quot;row-variable&quot;,&quot;tableId&quot;:&quot;ea3b2b99-59a9-7958-ac7b-6cd0c7f151ca&quot;,&quot;variableName&quot;:&quot;Genre&quot;}\" data-required=\"{&quot;type&quot;:&quot;static&quot;,&quot;value&quot;:&quot;true&quot;}\" data-table=\"{&quot;type&quot;:&quot;table&quot;,&quot;tableId&quot;:&quot;ea3b2b99-59a9-7958-ac7b-6cd0c7f151ca&quot;}\" data-title=\"{&quot;type&quot;:&quot;column&quot;,&quot;tableId&quot;:&quot;ea3b2b99-59a9-7958-ac7b-6cd0c7f151ca&quot;,&quot;columnName&quot;:&quot;Label&quot;}\" data-subtitle=\"{&quot;type&quot;:&quot;column&quot;,&quot;tableId&quot;:&quot;ea3b2b99-59a9-7958-ac7b-6cd0c7f151ca&quot;,&quot;columnName&quot;:&quot;&quot;}\" data-image=\"{&quot;type&quot;:&quot;column&quot;,&quot;tableId&quot;:&quot;ea3b2b99-59a9-7958-ac7b-6cd0c7f151ca&quot;,&quot;columnName&quot;:&quot;&quot;}\" data-filter=\"{&quot;type&quot;:&quot;filter&quot;,&quot;tableId&quot;:&quot;ea3b2b99-59a9-7958-ac7b-6cd0c7f151ca&quot;,&quot;filter&quot;:{&quot;id&quot;:&quot;&quot;,&quot;name&quot;:&quot;&quot;,&quot;rule&quot;:&quot;and&quot;,&quot;criteria&quot;:[]}}\" data-sort=\"{&quot;type&quot;:&quot;sort&quot;,&quot;tableId&quot;:&quot;ea3b2b99-59a9-7958-ac7b-6cd0c7f151ca&quot;,&quot;columnName&quot;:&quot;&quot;,&quot;asc&quot;:true}\" data-max-items=\"{&quot;type&quot;:&quot;static&quot;,&quot;value&quot;:&quot;30&quot;}\" data-profile=\"{&quot;type&quot;:&quot;static&quot;,&quot;value&quot;:&quot;false&quot;}\" class=\"\"></zyllio-form-dropdown><zyllio-form-text style=\"--font-size: var(--theme-font-size); --color: var(--theme-tertiary-text-color); --background-color: var(--theme-tertiary-color); --icon1: ; --icon2: ; --border-width: 0px; --border-color: #a8b9c4ff; --border-radius: 10px;\" id=\"103725\" data-value=\"{&quot;type&quot;:&quot;simple-variable&quot;,&quot;variableName&quot;:&quot;Synopsis&quot;}\" data-required=\"{&quot;type&quot;:&quot;static&quot;,&quot;value&quot;:&quot;true&quot;}\" data-multiline=\"{&quot;type&quot;:&quot;static&quot;,&quot;value&quot;:&quot;true&quot;}\" class=\"\"></zyllio-form-text><zyllio-form-text style=\"--font-size: var(--theme-font-size); --color: var(--theme-tertiary-text-color); --background-color: var(--theme-tertiary-color); --icon1: ; --icon2: ; --border-width: 0px; --border-color: #a8b9c4ff; --border-radius: 10px;\" id=\"532634\" data-value=\"{&quot;type&quot;:&quot;simple-variable&quot;,&quot;variableName&quot;:&quot;Picture Url&quot;}\" data-required=\"{&quot;type&quot;:&quot;static&quot;,&quot;value&quot;:&quot;true&quot;}\" data-multiline=\"{&quot;type&quot;:&quot;static&quot;,&quot;value&quot;:&quot;false&quot;}\" class=\"\"></zyllio-form-text><zyllio-form-text style=\"--font-size: var(--theme-font-size); --color: var(--theme-tertiary-text-color); --background-color: var(--theme-tertiary-color); --icon1: ; --icon2: ; --border-width: 0px; --border-color: #a8b9c4ff; --border-radius: 10px;\" id=\"832004\" data-value=\"{&quot;type&quot;:&quot;simple-variable&quot;,&quot;variableName&quot;:&quot;Teaser Url&quot;}\" data-required=\"{&quot;type&quot;:&quot;static&quot;,&quot;value&quot;:&quot;true&quot;}\" data-multiline=\"{&quot;type&quot;:&quot;static&quot;,&quot;value&quot;:&quot;false&quot;}\" class=\"\"></zyllio-form-text><zyllio-form-rating style=\"--font-size: 20px;--color: var(--theme-tertiary-text-color);--icon1: '\\f2fc';--border-width: 0px;--border-color: #a8b9c4ff;--border-radius: 20px;--fill: #e5e5e5ff;--selected-fill: var(--theme-secondary-color);\" id=\"760656\" data-value=\"{&quot;type&quot;:&quot;simple-variable&quot;,&quot;variableName&quot;:&quot;Rating&quot;}\" data-maximum=\"{&quot;type&quot;:&quot;static&quot;,&quot;value&quot;:&quot;5&quot;}\" class=\"\"></zyllio-form-rating><zyllio-button style=\"--button-width: 260px; --icon1: ; --icon2: ; --horizontal-align: center; --vertical-align: center; --text-decoration: none; --font-size: var(--theme-font-size); --font-weight: normal; --font-style: normal; --color: var(--theme-secondary-text-color); --background-color: var(--theme-secondary-color); --background-image: none; --border-width: 0px; --border-color: rgba(0,0,0,1); --border-radius: 25px; --box-shadow: 0 3px 1px -2px rgba(0,0,0,0.2),0 2px 2px 0 rgba(0,0,0,0.14),0 1px 5px 0 rgba(0,0,0,0.12);\" id=\"767714\" data-text=\"{&quot;type&quot;:&quot;static&quot;,&quot;value&quot;:&quot;Create&quot;}\" data-action=\"{&quot;type&quot;:&quot;action&quot;,&quot;actionFlow&quot;:{&quot;id&quot;:&quot;&quot;,&quot;firstStepId&quot;:&quot;1&quot;,&quot;actionSteps&quot;:[{&quot;action&quot;:{&quot;id&quot;:&quot;create-row&quot;,&quot;name&quot;:&quot;Create a row&quot;,&quot;properties&quot;:[{&quot;id&quot;:&quot;rows&quot;,&quot;name&quot;:&quot;Table&quot;,&quot;value&quot;:{&quot;type&quot;:&quot;table-row&quot;,&quot;tableId&quot;:&quot;69e99ef8-537d-80b3-22dd-93e48b26a480&quot;,&quot;properties&quot;:[{&quot;id&quot;:&quot;Name&quot;,&quot;name&quot;:&quot;Name&quot;,&quot;value&quot;:{&quot;type&quot;:&quot;simple-variable&quot;,&quot;variableName&quot;:&quot;Name&quot;}},{&quot;id&quot;:&quot;Genre&quot;,&quot;name&quot;:&quot;Genre&quot;,&quot;value&quot;:{&quot;type&quot;:&quot;row-column-variable&quot;,&quot;columnVariable&quot;:{&quot;name&quot;:&quot;Genre&quot;,&quot;field&quot;:&quot;Label&quot;}}},{&quot;id&quot;:&quot;Synopsis&quot;,&quot;name&quot;:&quot;Synopsis&quot;,&quot;value&quot;:{&quot;type&quot;:&quot;simple-variable&quot;,&quot;variableName&quot;:&quot;Synopsis&quot;}},{&quot;id&quot;:&quot;Picture&quot;,&quot;name&quot;:&quot;Picture&quot;,&quot;value&quot;:{&quot;type&quot;:&quot;simple-variable&quot;,&quot;variableName&quot;:&quot;Picture Url&quot;}},{&quot;id&quot;:&quot;Rating&quot;,&quot;name&quot;:&quot;Rating&quot;,&quot;value&quot;:{&quot;type&quot;:&quot;simple-variable&quot;,&quot;variableName&quot;:&quot;Rating&quot;}},{&quot;id&quot;:&quot;Teaser&quot;,&quot;name&quot;:&quot;Teaser&quot;,&quot;value&quot;:{&quot;type&quot;:&quot;simple-variable&quot;,&quot;variableName&quot;:&quot;Teaser Url&quot;}}]}}]},&quot;id&quot;:&quot;1&quot;,&quot;transitions&quot;:[{&quot;id&quot;:&quot;complete&quot;,&quot;next&quot;:&quot;2&quot;}]},{&quot;action&quot;:{&quot;id&quot;:&quot;goback&quot;,&quot;name&quot;:&quot;Go back&quot;,&quot;properties&quot;:[]},&quot;id&quot;:&quot;2&quot;,&quot;transitions&quot;:[{&quot;id&quot;:&quot;complete&quot;}]}]}}\" class=\"\"></zyllio-button><zyllio-button-outline style=\"--button-width: 260px; --icon1: ; --icon2: ; --horizontal-align: center; --vertical-align: center; --text-decoration: none; --font-size: var(--theme-font-size); --font-weight: bold; --font-style: normal; --color: var(--theme-text-color); --background-color: #00000000; --background-image: none; --border-width: 3px; --border-color: var(--theme-text-color); --border-radius: 25px; --box-shadow: none;\" id=\"504078\" data-text=\"{&quot;type&quot;:&quot;static&quot;,&quot;value&quot;:&quot;CANCEL&quot;}\" data-action=\"{&quot;type&quot;:&quot;action&quot;,&quot;actionFlow&quot;:{&quot;id&quot;:&quot;&quot;,&quot;firstStepId&quot;:&quot;1&quot;,&quot;actionSteps&quot;:[{&quot;action&quot;:{&quot;id&quot;:&quot;goback&quot;,&quot;name&quot;:&quot;Go back&quot;,&quot;properties&quot;:[]},&quot;id&quot;:&quot;1&quot;,&quot;transitions&quot;:[{&quot;id&quot;:&quot;complete&quot;}]}]}}\" class=\"\"></zyllio-button-outline>","top":173,"left":2312,"styles":[{"id":"display","value":"flex"},{"id":"flex-direction","value":"column"},{"id":"gap","value":"0px"},{"id":"width","value":"360px"},{"id":"height","value":"965px"},{"id":"background-color","value":"rgba(93,16,73,1)"},{"id":"background-image","value":"none"},{"id":"background-repeat","value":"no-repeat"},{"id":"icon","value":""}],"isFirst":false},{"id":"3","label":"Details","htmlContent":"<zyllio-header style=\"--icon1: '\\f2ca'; --icon2: '\\f419'; --horizontal-align: center; --vertical-align: center; --text-decoration: none; --font-size: var(--theme-font-size); --font-weight: normal; --font-style: normal; --color: var(--theme-primary-text-color); --background-color: rgba(93,16,73,0); --border-width: 0px; --border-color: rgba(0,0,0,1); --border-radius: 0px;\" id=\"740293\" data-text=\"{&quot;type&quot;:&quot;row-column-variable&quot;,&quot;columnVariable&quot;:{&quot;name&quot;:&quot;Movies&quot;,&quot;field&quot;:&quot;Name&quot;}}\" class=\"\"></zyllio-header><zyllio-label-text style=\"--horizontal-align: start; --vertical-align: flex-start; --text-decoration: none; --font-size: var(--theme-font-size); --font-weight: normal; --font-style: normal; --color: var(--theme-text-color); --background-color: #ffffff00; --background-image: none; --padding: 0; --border-width: 0px; --border-color: rgba(0,0,0,1); --border-radius: 0px;\" id=\"047237\" data-text=\"{&quot;type&quot;:&quot;row-column-variable&quot;,&quot;columnVariable&quot;:{&quot;name&quot;:&quot;Movies&quot;,&quot;field&quot;:&quot;Name&quot;}}\" class=\"\" data-display-condition=\"{&quot;type&quot;:&quot;condition&quot;,&quot;condition&quot;:{&quot;id&quot;:&quot;&quot;,&quot;name&quot;:&quot;&quot;,&quot;rule&quot;:&quot;and&quot;,&quot;criteria&quot;:[]}}\" data-size=\"{&quot;type&quot;:&quot;static&quot;,&quot;value&quot;:&quot;Tiny&quot;}\" data-label=\"{&quot;type&quot;:&quot;static&quot;,&quot;value&quot;:&quot;&quot;}\"></zyllio-label-text><zyllio-label-text style=\"--horizontal-align: start; --vertical-align: flex-start; --text-decoration: none; --font-size: var(--theme-font-size); --font-weight: normal; --font-style: normal; --color: var(--theme-text-color); --background-color: #ffffff00; --background-image: none; --padding: 0; --border-width: 0px; --border-color: rgba(0,0,0,1); --border-radius: 0px;\" id=\"689376\" data-text=\"{&quot;type&quot;:&quot;row-column-variable&quot;,&quot;columnVariable&quot;:{&quot;name&quot;:&quot;Movies&quot;,&quot;field&quot;:&quot;Genre&quot;}}\" class=\"\" data-display-condition=\"{&quot;type&quot;:&quot;condition&quot;,&quot;condition&quot;:{&quot;id&quot;:&quot;&quot;,&quot;name&quot;:&quot;&quot;,&quot;rule&quot;:&quot;and&quot;,&quot;criteria&quot;:[]}}\" data-size=\"{&quot;type&quot;:&quot;static&quot;,&quot;value&quot;:&quot;Tiny&quot;}\" data-label=\"{&quot;type&quot;:&quot;static&quot;,&quot;value&quot;:&quot;&quot;}\"></zyllio-label-text><zyllio-label-text style=\"--horizontal-align: start; --vertical-align: flex-start; --text-decoration: none; --font-size: var(--theme-font-size); --font-weight: normal; --font-style: normal; --color: var(--theme-text-color); --background-color: #ffffff00; --background-image: none; --padding: 0; --border-width: 0px; --border-color: rgba(0,0,0,1); --border-radius: 0px;\" id=\"335239\" data-text=\"{&quot;type&quot;:&quot;row-column-variable&quot;,&quot;columnVariable&quot;:{&quot;name&quot;:&quot;Movies&quot;,&quot;field&quot;:&quot;Synopsis&quot;}}\" class=\"\" data-display-condition=\"{&quot;type&quot;:&quot;condition&quot;,&quot;condition&quot;:{&quot;id&quot;:&quot;&quot;,&quot;name&quot;:&quot;&quot;,&quot;rule&quot;:&quot;and&quot;,&quot;criteria&quot;:[]}}\" data-size=\"{&quot;type&quot;:&quot;static&quot;,&quot;value&quot;:&quot;Auto&quot;}\" data-label=\"{&quot;type&quot;:&quot;static&quot;,&quot;value&quot;:&quot;&quot;}\"></zyllio-label-text><zyllio-youtube style=\"height: 300px;\" id=\"644412\" data-url=\"{&quot;type&quot;:&quot;row-column-variable&quot;,&quot;columnVariable&quot;:{&quot;field&quot;:&quot;Teaser&quot;,&quot;name&quot;:&quot;Movies&quot;}}\" class=\"\"></zyllio-youtube><zyllio-progress style=\"--icon1: '\\f2fc';--color: var(--theme-text-color);--background-color: var(--theme-tertiary-color);--fill-color: var(--theme-secondary-color);\" id=\"255262\" data-value=\"{&quot;type&quot;:&quot;row-column-variable&quot;,&quot;columnVariable&quot;:{&quot;name&quot;:&quot;Movies&quot;,&quot;field&quot;:&quot;Rating&quot;}}\" data-maximum=\"{&quot;type&quot;:&quot;static&quot;,&quot;value&quot;:&quot;5&quot;}\" data-shape=\"{&quot;type&quot;:&quot;static&quot;,&quot;value&quot;:&quot;Icons&quot;}\" class=\"\"></zyllio-progress><zyllio-button style=\"--button-width: 260px; --icon1: ; --icon2: ; --horizontal-align: center; --vertical-align: center; --text-decoration: none; --font-size: var(--theme-font-size); --font-weight: normal; --font-style: normal; --color: var(--theme-secondary-text-color); --background-color: var(--theme-secondary-color); --background-image: none; --border-width: 0px; --border-color: rgba(0,0,0,1); --border-radius: 25px; --box-shadow: 0 3px 1px -2px rgba(0,0,0,0.2),0 2px 2px 0 rgba(0,0,0,0.14),0 1px 5px 0 rgba(0,0,0,0.12);\" id=\"036294\" data-text=\"{&quot;type&quot;:&quot;static&quot;,&quot;value&quot;:&quot;EDIT&quot;}\" data-action=\"{&quot;type&quot;:&quot;action&quot;,&quot;actionFlow&quot;:{&quot;id&quot;:&quot;&quot;,&quot;firstStepId&quot;:&quot;&quot;,&quot;actionSteps&quot;:[]}}\" class=\"\" transition=\"5\"></zyllio-button><zyllio-footer style=\"--color: var(--theme-text-color); --background-color: var(--theme-background-color); --border-width: 0px; --border-color: rgba(0,0,0,1); --border-radius: 0px; --box-shadow: none; --icon1: '\\f220';\" id=\"007984\" data-display-button=\"{&quot;type&quot;:&quot;static&quot;,&quot;value&quot;:&quot;true&quot;}\" data-action=\"{&quot;type&quot;:&quot;action&quot;,&quot;actionFlow&quot;:{&quot;id&quot;:&quot;&quot;,&quot;firstStepId&quot;:&quot;&quot;,&quot;actionSteps&quot;:[]}}\" data-screens=\"{&quot;type&quot;:&quot;screens&quot;,&quot;screenIds&quot;:[&quot;1&quot;,&quot;2&quot;]}\" class=\"\" transition=\"6\"></zyllio-footer>","top":173,"left":1832,"styles":[{"id":"display","value":"flex"},{"id":"flex-direction","value":"column"},{"id":"gap","value":"0px"},{"id":"width","value":"360px"},{"id":"height","value":"1252px"},{"id":"background-color","value":"var(--theme-background-color)"},{"id":"background-image","value":"url('./api/applications/ef4b853bf5cd/assets/background.png')"},{"id":"background-repeat","value":"no-repeat"},{"id":"icon","value":"'\\f389'"}],"isFirst":false},{"id":"5","label":"Edit movie","htmlContent":"<zyllio-header style=\"--icon1: '\\f2ca'; --icon2: '\\f419'; --horizontal-align: center; --vertical-align: center; --text-decoration: none; --font-size: var(--theme-font-size); --font-weight: normal; --font-style: normal; --color: var(--theme-primary-text-color); --background-color: rgba(93,16,73,0); --border-width: 0px; --border-color: rgba(0,0,0,1); --border-radius: 0px;\" id=\"778832\" data-text=\"{&quot;type&quot;:&quot;row-column-variable&quot;,&quot;columnVariable&quot;:{&quot;name&quot;:&quot;Movies&quot;,&quot;field&quot;:&quot;Name&quot;}}\" class=\"\"></zyllio-header><zyllio-form-text style=\"--font-size: var(--theme-font-size); --color: var(--theme-tertiary-text-color); --background-color: var(--theme-tertiary-color); --icon1: ; --icon2: ; --border-width: 0px; --border-color: #a8b9c4ff; --border-radius: 10px;\" id=\"381467\" data-value=\"{&quot;type&quot;:&quot;row-column-variable&quot;,&quot;columnVariable&quot;:{&quot;name&quot;:&quot;Movies&quot;,&quot;field&quot;:&quot;Name&quot;}}\" data-required=\"{&quot;type&quot;:&quot;static&quot;,&quot;value&quot;:&quot;true&quot;}\" data-multiline=\"{&quot;type&quot;:&quot;static&quot;,&quot;value&quot;:&quot;false&quot;}\" class=\"\"></zyllio-form-text><zyllio-form-dropdown style=\"--font-size: var(--theme-font-size); --list-font-size: var(--theme-font-size); --list-color: var(--theme-tertiary-text-color); --color: var(--theme-tertiary-text-color); --list-selected-color: var(--theme-secondary-text-color); --background-color: var(--theme-tertiary-color); --list-selected-background-color: var(--theme-secondary-color); --list-background-color: var(--theme-tertiary-color); --border-width: 0px; --border-color: #000000; --border-radius: 0px; --list-border-radius: 10px; --list-item-height: 54px;\" id=\"792125\" data-value=\"{&quot;type&quot;:&quot;row-column-variable&quot;,&quot;tableId&quot;:&quot;ea3b2b99-59a9-7958-ac7b-6cd0c7f151ca&quot;,&quot;columnVariable&quot;:{&quot;name&quot;:&quot;Movies&quot;,&quot;field&quot;:&quot;Genre&quot;}}\" data-required=\"{&quot;type&quot;:&quot;static&quot;,&quot;value&quot;:&quot;true&quot;}\" data-table=\"{&quot;type&quot;:&quot;table&quot;,&quot;tableId&quot;:&quot;ea3b2b99-59a9-7958-ac7b-6cd0c7f151ca&quot;}\" data-title=\"{&quot;type&quot;:&quot;column&quot;,&quot;tableId&quot;:&quot;ea3b2b99-59a9-7958-ac7b-6cd0c7f151ca&quot;,&quot;columnName&quot;:&quot;Label&quot;}\" data-subtitle=\"{&quot;type&quot;:&quot;column&quot;,&quot;tableId&quot;:&quot;ea3b2b99-59a9-7958-ac7b-6cd0c7f151ca&quot;,&quot;columnName&quot;:&quot;&quot;}\" data-image=\"{&quot;type&quot;:&quot;column&quot;,&quot;tableId&quot;:&quot;ea3b2b99-59a9-7958-ac7b-6cd0c7f151ca&quot;,&quot;columnName&quot;:&quot;&quot;}\" data-filter=\"{&quot;type&quot;:&quot;filter&quot;,&quot;tableId&quot;:&quot;ea3b2b99-59a9-7958-ac7b-6cd0c7f151ca&quot;,&quot;filter&quot;:{&quot;id&quot;:&quot;&quot;,&quot;name&quot;:&quot;&quot;,&quot;rule&quot;:&quot;and&quot;,&quot;criteria&quot;:[]}}\" data-sort=\"{&quot;type&quot;:&quot;sort&quot;,&quot;tableId&quot;:&quot;ea3b2b99-59a9-7958-ac7b-6cd0c7f151ca&quot;,&quot;columnName&quot;:&quot;&quot;,&quot;asc&quot;:true}\" data-max-items=\"{&quot;type&quot;:&quot;static&quot;,&quot;value&quot;:&quot;30&quot;}\" data-profile=\"{&quot;type&quot;:&quot;static&quot;,&quot;value&quot;:&quot;false&quot;}\" class=\"\"></zyllio-form-dropdown><zyllio-form-text style=\"--font-size: var(--theme-font-size); --color: var(--theme-tertiary-text-color); --background-color: var(--theme-tertiary-color); --icon1: ; --icon2: ; --border-width: 0px; --border-color: #a8b9c4ff; --border-radius: 10px;\" id=\"686949\" data-value=\"{&quot;type&quot;:&quot;row-column-variable&quot;,&quot;columnVariable&quot;:{&quot;name&quot;:&quot;Movies&quot;,&quot;field&quot;:&quot;Synopsis&quot;}}\" data-required=\"{&quot;type&quot;:&quot;static&quot;,&quot;value&quot;:&quot;true&quot;}\" data-multiline=\"{&quot;type&quot;:&quot;static&quot;,&quot;value&quot;:&quot;true&quot;}\" class=\"\"></zyllio-form-text><zyllio-form-text style=\"--font-size: var(--theme-font-size); --color: var(--theme-tertiary-text-color); --background-color: var(--theme-tertiary-color); --icon1: ; --icon2: ; --border-width: 0px; --border-color: #a8b9c4ff; --border-radius: 10px;\" id=\"166391\" data-value=\"{&quot;type&quot;:&quot;row-column-variable&quot;,&quot;columnVariable&quot;:{&quot;field&quot;:&quot;Picture&quot;,&quot;name&quot;:&quot;Movies&quot;}}\" data-required=\"{&quot;type&quot;:&quot;static&quot;,&quot;value&quot;:&quot;true&quot;}\" data-multiline=\"{&quot;type&quot;:&quot;static&quot;,&quot;value&quot;:&quot;false&quot;}\" class=\"\"></zyllio-form-text><zyllio-form-text style=\"--font-size: var(--theme-font-size); --color: var(--theme-tertiary-text-color); --background-color: var(--theme-tertiary-color); --icon1: ; --icon2: ; --border-width: 0px; --border-color: #a8b9c4ff; --border-radius: 10px;\" id=\"108367\" data-value=\"{&quot;type&quot;:&quot;row-column-variable&quot;,&quot;columnVariable&quot;:{&quot;name&quot;:&quot;Movies&quot;,&quot;field&quot;:&quot;Teaser&quot;}}\" data-required=\"{&quot;type&quot;:&quot;static&quot;,&quot;value&quot;:&quot;true&quot;}\" data-multiline=\"{&quot;type&quot;:&quot;static&quot;,&quot;value&quot;:&quot;false&quot;}\" class=\"\"></zyllio-form-text><zyllio-form-rating style=\"--font-size: 20px;--color: var(--theme-tertiary-text-color);--icon1: '\\f2fc';--border-width: 0px;--border-color: #a8b9c4ff;--border-radius: 20px;--fill: #e5e5e5ff;--selected-fill: var(--theme-secondary-color);\" id=\"411291\" data-value=\"{&quot;type&quot;:&quot;row-column-variable&quot;,&quot;columnVariable&quot;:{&quot;name&quot;:&quot;Movies&quot;,&quot;field&quot;:&quot;Rating&quot;}}\" data-maximum=\"{&quot;type&quot;:&quot;static&quot;,&quot;value&quot;:&quot;5&quot;}\" class=\"\"></zyllio-form-rating><zyllio-button style=\"--button-width: 260px; --icon1: ; --icon2: ; --horizontal-align: center; --vertical-align: center; --text-decoration: none; --font-size: var(--theme-font-size); --font-weight: normal; --font-style: normal; --color: var(--theme-secondary-text-color); --background-color: var(--theme-secondary-color); --background-image: none; --border-width: 0px; --border-color: rgba(0,0,0,1); --border-radius: 25px; --box-shadow: 0 3px 1px -2px rgba(0,0,0,0.2),0 2px 2px 0 rgba(0,0,0,0.14),0 1px 5px 0 rgba(0,0,0,0.12);\" id=\"946999\" data-text=\"{&quot;type&quot;:&quot;static&quot;,&quot;value&quot;:&quot;SAVE&quot;}\" data-action=\"{&quot;type&quot;:&quot;action&quot;,&quot;actionFlow&quot;:{&quot;id&quot;:&quot;&quot;,&quot;firstStepId&quot;:&quot;1&quot;,&quot;actionSteps&quot;:[{&quot;action&quot;:{&quot;id&quot;:&quot;update-selected-row&quot;,&quot;name&quot;:&quot;Update a selected row&quot;,&quot;properties&quot;:[{&quot;id&quot;:&quot;rows&quot;,&quot;name&quot;:&quot;Selection&quot;,&quot;value&quot;:{&quot;type&quot;:&quot;table-row&quot;,&quot;variableName&quot;:&quot;Movies&quot;,&quot;properties&quot;:[{&quot;id&quot;:&quot;Name&quot;,&quot;name&quot;:&quot;Name&quot;,&quot;value&quot;:{&quot;type&quot;:&quot;row-column-variable&quot;,&quot;columnVariable&quot;:{&quot;name&quot;:&quot;Movies&quot;,&quot;field&quot;:&quot;Name&quot;}}},{&quot;id&quot;:&quot;Genre&quot;,&quot;name&quot;:&quot;Genre&quot;,&quot;value&quot;:{&quot;type&quot;:&quot;row-column-variable&quot;,&quot;columnVariable&quot;:{&quot;name&quot;:&quot;Movies&quot;,&quot;field&quot;:&quot;Genre&quot;}}},{&quot;id&quot;:&quot;Synopsis&quot;,&quot;name&quot;:&quot;Synopsis&quot;,&quot;value&quot;:{&quot;type&quot;:&quot;row-column-variable&quot;,&quot;columnVariable&quot;:{&quot;name&quot;:&quot;Movies&quot;,&quot;field&quot;:&quot;Synopsis&quot;}}},{&quot;id&quot;:&quot;Picture&quot;,&quot;name&quot;:&quot;Picture&quot;,&quot;value&quot;:{&quot;type&quot;:&quot;row-column-variable&quot;,&quot;columnVariable&quot;:{&quot;name&quot;:&quot;Movies&quot;,&quot;field&quot;:&quot;Picture&quot;}}},{&quot;id&quot;:&quot;Rating&quot;,&quot;name&quot;:&quot;Rating&quot;,&quot;value&quot;:{&quot;type&quot;:&quot;row-column-variable&quot;,&quot;columnVariable&quot;:{&quot;name&quot;:&quot;Movies&quot;,&quot;field&quot;:&quot;Rating&quot;}}},{&quot;id&quot;:&quot;Teaser&quot;,&quot;name&quot;:&quot;Teaser&quot;,&quot;value&quot;:{&quot;type&quot;:&quot;row-column-variable&quot;,&quot;columnVariable&quot;:{&quot;name&quot;:&quot;Movies&quot;,&quot;field&quot;:&quot;Teaser&quot;}}}],&quot;tableId&quot;:&quot;69e99ef8-537d-80b3-22dd-93e48b26a480&quot;}}]},&quot;id&quot;:&quot;1&quot;,&quot;transitions&quot;:[{&quot;id&quot;:&quot;complete&quot;,&quot;next&quot;:&quot;2&quot;}]},{&quot;action&quot;:{&quot;id&quot;:&quot;goback&quot;,&quot;name&quot;:&quot;Go back&quot;,&quot;properties&quot;:[]},&quot;id&quot;:&quot;2&quot;,&quot;transitions&quot;:[{&quot;id&quot;:&quot;complete&quot;}]}]}}\" class=\"\" data-display-condition=\"{&quot;type&quot;:&quot;display-condition&quot;,&quot;condition&quot;:{&quot;id&quot;:&quot;&quot;,&quot;name&quot;:&quot;&quot;,&quot;rule&quot;:&quot;and&quot;,&quot;criteria&quot;:[]}}\"></zyllio-button><zyllio-button-outline style=\"--button-width: 260px; --icon1: ; --icon2: ; --horizontal-align: center; --vertical-align: center; --text-decoration: none; --font-size: var(--theme-font-size); --font-weight: bold; --font-style: normal; --color: var(--theme-text-color); --background-color: #00000000; --background-image: none; --border-width: 3px; --border-color: var(--theme-text-color); --border-radius: 25px; --box-shadow: none;\" id=\"564245\" data-text=\"{&quot;type&quot;:&quot;static&quot;,&quot;value&quot;:&quot;CANCEL&quot;}\" data-action=\"{&quot;type&quot;:&quot;action&quot;,&quot;actionFlow&quot;:{&quot;id&quot;:&quot;&quot;,&quot;firstStepId&quot;:&quot;1&quot;,&quot;actionSteps&quot;:[{&quot;action&quot;:{&quot;id&quot;:&quot;goback&quot;,&quot;name&quot;:&quot;Go back&quot;,&quot;properties&quot;:[]},&quot;id&quot;:&quot;1&quot;,&quot;transitions&quot;:[{&quot;id&quot;:&quot;complete&quot;}]}]}}\" class=\"\"></zyllio-button-outline>","top":170,"left":2810,"styles":[{"id":"display","value":"flex"},{"id":"flex-direction","value":"column"},{"id":"gap","value":"0px"},{"id":"width","value":"360px"},{"id":"height","value":"1177px"},{"id":"background-color","value":"var(--theme-background-color)"},{"id":"background-image","value":"url('./api/applications/ef4b853bf5cd/assets/background.png')"},{"id":"background-repeat","value":"no-repeat"},{"id":"icon","value":""}],"isFirst":false},{"id":"2","label":"Movies","htmlContent":"<zyllio-header style=\"--icon1: '\\f2ca'; --icon2: '\\f419'; --horizontal-align: center; --vertical-align: center; --text-decoration: none; --font-size: var(--theme-font-size); --font-weight: normal; --font-style: normal; --color: var(--theme-primary-text-color); --background-color: rgba(93,16,73,0); --border-width: 0px; --border-color: rgba(0,0,0,1); --border-radius: 0px;\" id=\"691677\" data-text=\"{&quot;type&quot;:&quot;static&quot;,&quot;value&quot;:&quot;Movies&quot;}\" class=\"\"></zyllio-header><zyllio-category style=\"--value-color: var(--theme-text-color); --value-font-size: var(--theme-font-size); --font-size: var(--theme-font-size); --horizontal-align: center; --padding: 10px; --color: #000000ff; --selected-color: var(--theme-secondary-text-color); --background-color: #e5e5e5ff; --selected-background-color: var(--theme-secondary-color); --border-width: 0px; --border-color: rgba(0,0,0,1); --border-radius: 25px;\" id=\"725905\" data-value=\"{&quot;type&quot;:&quot;row-variable&quot;,&quot;tableId&quot;:&quot;ea3b2b99-59a9-7958-ac7b-6cd0c7f151ca&quot;,&quot;variableName&quot;:&quot;Genre&quot;}\" data-table=\"{&quot;type&quot;:&quot;table&quot;,&quot;tableId&quot;:&quot;ea3b2b99-59a9-7958-ac7b-6cd0c7f151ca&quot;}\" data-title=\"{&quot;type&quot;:&quot;column&quot;,&quot;tableId&quot;:&quot;ea3b2b99-59a9-7958-ac7b-6cd0c7f151ca&quot;,&quot;columnName&quot;:&quot;Label&quot;}\" data-visible-items=\"{&quot;type&quot;:&quot;static&quot;,&quot;value&quot;:&quot;3&quot;}\" data-filter=\"{&quot;type&quot;:&quot;filter&quot;,&quot;tableId&quot;:&quot;ea3b2b99-59a9-7958-ac7b-6cd0c7f151ca&quot;,&quot;filter&quot;:{&quot;id&quot;:&quot;&quot;,&quot;name&quot;:&quot;&quot;,&quot;rule&quot;:&quot;and&quot;,&quot;criteria&quot;:[]}}\" data-sort=\"{&quot;type&quot;:&quot;sort&quot;,&quot;tableId&quot;:&quot;ea3b2b99-59a9-7958-ac7b-6cd0c7f151ca&quot;,&quot;columnName&quot;:&quot;&quot;,&quot;asc&quot;:true}\" class=\"\"></zyllio-category><zyllio-carousel style=\"--value-color: var(--theme-text-color); --value-font-size: var(--theme-font-size); --font-size: var(--theme-font-size); --horizontal-align: start; --padding: 10px; --color: #ffffff; --selected-color: #ffffff; --background-color: #00000050; --selected-background-color: #000000ba; --border-width: 0px; --border-color: #000000; --border-radius: 10px;\" id=\"834946\" data-display-condition=\"{&quot;type&quot;:&quot;condition&quot;,&quot;condition&quot;:{&quot;id&quot;:&quot;&quot;,&quot;name&quot;:&quot;&quot;,&quot;rule&quot;:&quot;and&quot;,&quot;criteria&quot;:[]}}\" data-value=\"{&quot;type&quot;:&quot;row-variable&quot;,&quot;tableId&quot;:&quot;69e99ef8-537d-80b3-22dd-93e48b26a480&quot;,&quot;variableName&quot;:&quot;Movies&quot;}\" data-label=\"{&quot;type&quot;:&quot;static&quot;,&quot;value&quot;:&quot;&quot;}\" data-table=\"{&quot;type&quot;:&quot;table&quot;,&quot;tableId&quot;:&quot;69e99ef8-537d-80b3-22dd-93e48b26a480&quot;}\" data-title=\"{&quot;type&quot;:&quot;column&quot;,&quot;tableId&quot;:&quot;69e99ef8-537d-80b3-22dd-93e48b26a480&quot;,&quot;columnName&quot;:&quot;Name&quot;}\" data-subtitle=\"{&quot;type&quot;:&quot;column&quot;,&quot;tableId&quot;:&quot;69e99ef8-537d-80b3-22dd-93e48b26a480&quot;,&quot;columnName&quot;:&quot;Genre&quot;}\" data-image=\"{&quot;type&quot;:&quot;column&quot;,&quot;tableId&quot;:&quot;69e99ef8-537d-80b3-22dd-93e48b26a480&quot;,&quot;columnName&quot;:&quot;Picture&quot;}\" data-visible-items=\"{&quot;type&quot;:&quot;static&quot;,&quot;value&quot;:&quot;4&quot;}\" data-size=\"{&quot;type&quot;:&quot;static&quot;,&quot;value&quot;:&quot;Medium&quot;}\" data-image-layout=\"{&quot;type&quot;:&quot;static&quot;,&quot;value&quot;:&quot;Portrait&quot;}\" data-layout=\"{&quot;type&quot;:&quot;static&quot;,&quot;value&quot;:&quot;Wrap&quot;}\" data-filter=\"{&quot;type&quot;:&quot;filter&quot;,&quot;tableId&quot;:&quot;69e99ef8-537d-80b3-22dd-93e48b26a480&quot;,&quot;filter&quot;:{&quot;id&quot;:&quot;&quot;,&quot;name&quot;:&quot;&quot;,&quot;rule&quot;:&quot;and&quot;,&quot;criteria&quot;:[{&quot;operand1&quot;:{&quot;value&quot;:{&quot;type&quot;:&quot;column&quot;,&quot;columnName&quot;:&quot;Genre&quot;,&quot;tableId&quot;:&quot;69e99ef8-537d-80b3-22dd-93e48b26a480&quot;}},&quot;operand2&quot;:{&quot;value&quot;:{&quot;type&quot;:&quot;row-column-variable&quot;,&quot;columnVariable&quot;:{&quot;name&quot;:&quot;Genre&quot;,&quot;field&quot;:&quot;Label&quot;}}},&quot;operator&quot;:&quot;equals&quot;}]}}\" data-sort=\"{&quot;type&quot;:&quot;sort&quot;,&quot;tableId&quot;:&quot;69e99ef8-537d-80b3-22dd-93e48b26a480&quot;,&quot;columnName&quot;:&quot;&quot;,&quot;asc&quot;:true}\" data-display-badge=\"{&quot;type&quot;:&quot;static&quot;,&quot;value&quot;:&quot;true&quot;}\" class=\"\" transition=\"3\"></zyllio-carousel><zyllio-button-fab style=\"--button-width: 50px; --icon1: '\\f217'; --icon2: ; --horizontal-align: end; --vertical-align: center; --text-decoration: none; --font-size: 18px; --font-weight: normal; --font-style: normal; --color: var(--theme-secondary-text-color); --background-color: var(--theme-secondary-color); --background-image: none; --border-width: 0px; --border-color: rgba(0,0,0,1); --border-radius: 10px; --box-shadow: 0 3px 1px -2px rgba(0,0,0,0.2),0 2px 2px 0 rgba(0,0,0,0.14),0 1px 5px 0 rgba(0,0,0,0.12);\" id=\"451576\" data-action=\"{&quot;type&quot;:&quot;action&quot;,&quot;actionFlow&quot;:{&quot;id&quot;:&quot;&quot;,&quot;firstStepId&quot;:&quot;&quot;,&quot;actionSteps&quot;:[]}}\" class=\"\" transition=\"4\"></zyllio-button-fab>","top":173,"left":1272,"styles":[{"id":"display","value":"flex"},{"id":"flex-direction","value":"column"},{"id":"gap","value":"0px"},{"id":"width","value":"360px"},{"id":"height","value":"1298px"},{"id":"background-color","value":"var(--theme-background-color)"},{"id":"background-image","value":"url('./api/applications/ef4b853bf5cd/assets/background.png')"},{"id":"background-repeat","value":"no-repeat"},{"id":"icon","value":"'\\f135'"}],"isFirst":false},{"id":"6","label":"Share","htmlContent":"<zyllio-header style=\"--icon1: '\\f2ca'; --icon2: '\\f419'; --horizontal-align: center; --vertical-align: center; --text-decoration: none; --font-size: var(--theme-font-size); --font-weight: normal; --font-style: normal; --color: var(--theme-primary-text-color); --background-color: rgba(93,16,73,0); --border-width: 0px; --border-color: rgba(0,0,0,1); --border-radius: 0px;\" id=\"676327\" data-text=\"{&quot;type&quot;:&quot;row-column-variable&quot;,&quot;columnVariable&quot;:{&quot;name&quot;:&quot;Movies&quot;,&quot;field&quot;:&quot;Name&quot;}}\" class=\"\"></zyllio-header><zyllio-label-text style=\"--horizontal-align: start; --vertical-align: flex-start; --text-decoration: none; --font-size: var(--theme-font-size); --font-weight: normal; --font-style: normal; --color: var(--theme-text-color); --background-color: #ffffff00; --background-image: none; --padding: 0; --border-width: 0px; --border-color: rgba(0,0,0,1); --border-radius: 0px;\" id=\"353983\" data-text=\"{&quot;type&quot;:&quot;row-column-variable&quot;,&quot;columnVariable&quot;:{&quot;name&quot;:&quot;Movies&quot;,&quot;field&quot;:&quot;Name&quot;}}\" class=\"\" data-display-condition=\"{&quot;type&quot;:&quot;condition&quot;,&quot;condition&quot;:{&quot;id&quot;:&quot;&quot;,&quot;name&quot;:&quot;&quot;,&quot;rule&quot;:&quot;and&quot;,&quot;criteria&quot;:[]}}\" data-size=\"{&quot;type&quot;:&quot;static&quot;,&quot;value&quot;:&quot;Tiny&quot;}\" data-label=\"{&quot;type&quot;:&quot;static&quot;,&quot;value&quot;:&quot;&quot;}\"></zyllio-label-text><zyllio-label-text style=\"--horizontal-align: start; --vertical-align: flex-start; --text-decoration: none; --font-size: var(--theme-font-size); --font-weight: normal; --font-style: normal; --color: var(--theme-text-color); --background-color: #ffffff00; --background-image: none; --padding: 0; --border-width: 0px; --border-color: rgba(0,0,0,1); --border-radius: 0px;\" id=\"938633\" data-text=\"{&quot;type&quot;:&quot;row-column-variable&quot;,&quot;columnVariable&quot;:{&quot;name&quot;:&quot;Movies&quot;,&quot;field&quot;:&quot;Genre&quot;}}\" class=\"\" data-display-condition=\"{&quot;type&quot;:&quot;condition&quot;,&quot;condition&quot;:{&quot;id&quot;:&quot;&quot;,&quot;name&quot;:&quot;&quot;,&quot;rule&quot;:&quot;and&quot;,&quot;criteria&quot;:[]}}\" data-size=\"{&quot;type&quot;:&quot;static&quot;,&quot;value&quot;:&quot;Tiny&quot;}\" data-label=\"{&quot;type&quot;:&quot;static&quot;,&quot;value&quot;:&quot;&quot;}\"></zyllio-label-text><zyllio-qrcode style=\"--text-decoration: none; --font-size: var(--theme-font-size); --font-weight: bold; --font-style: normal; --color: var(--theme-text-color); --background-color: #ffffff00; --qrcode-background-color: #000000ff; --background-image: none;\" id=\"178657\" data-value=\"{&quot;type&quot;:&quot;row-column-variable&quot;,&quot;columnVariable&quot;:{&quot;field&quot;:&quot;Teaser&quot;,&quot;name&quot;:&quot;Movies&quot;}}\" data-text=\"{&quot;type&quot;:&quot;static&quot;,&quot;value&quot;:&quot;SCAN ME&quot;}\" class=\"\"></zyllio-qrcode><zyllio-footer style=\"--color: var(--theme-text-color); --background-color: var(--theme-background-color); --border-width: 0px; --border-color: rgba(0,0,0,1); --border-radius: 0px; --box-shadow: none; --icon1: '\\f220';\" id=\"831948\" data-display-button=\"{&quot;type&quot;:&quot;static&quot;,&quot;value&quot;:&quot;false&quot;}\" data-action=\"{&quot;type&quot;:&quot;action&quot;,&quot;actionFlow&quot;:{&quot;id&quot;:&quot;&quot;,&quot;firstStepId&quot;:&quot;&quot;,&quot;actionSteps&quot;:[]}}\" data-screens=\"{&quot;type&quot;:&quot;screens&quot;,&quot;screenIds&quot;:[&quot;2&quot;,&quot;3&quot;]}\" class=\"\"></zyllio-footer>","top":173,"left":3282,"styles":[{"id":"display","value":"flex"},{"id":"flex-direction","value":"column"},{"id":"gap","value":"0px"},{"id":"width","value":"360px"},{"id":"height","value":"790px"},{"id":"background-color","value":"var(--theme-background-color)"},{"id":"background-image","value":"url('./api/applications/ef4b853bf5cd/assets/background.png')"},{"id":"background-repeat","value":"no-repeat"},{"id":"icon","value":""}],"isFirst":false},{"id":"1","label":"Welcome","htmlContent":"<zyllio-image style=\"--background-color: rgba(0,0,0,0);--padding: 0;\" id=\"405865\" data-image=\"{&quot;type&quot;:&quot;static&quot;,&quot;value&quot;:&quot;./api/applications/ef4b853bf5cd/assets/logo.png&quot;}\" data-size=\"{&quot;type&quot;:&quot;static&quot;,&quot;value&quot;:&quot;Medium&quot;}\" data-profile=\"{&quot;type&quot;:&quot;static&quot;,&quot;value&quot;:&quot;true&quot;}\" data-action=\"{&quot;type&quot;:&quot;action&quot;,&quot;actionFlow&quot;:{&quot;id&quot;:&quot;&quot;,&quot;firstStepId&quot;:&quot;&quot;,&quot;actionSteps&quot;:[]}}\" class=\"component-selected\" data-display-condition=\"{&quot;type&quot;:&quot;condition&quot;,&quot;condition&quot;:{&quot;id&quot;:&quot;&quot;,&quot;name&quot;:&quot;&quot;,&quot;rule&quot;:&quot;and&quot;,&quot;criteria&quot;:[]}}\" data-image-layout=\"{&quot;type&quot;:&quot;static&quot;,&quot;value&quot;:&quot;Portrait&quot;}\"></zyllio-image><zyllio-text style=\"--horizontal-align: center;--vertical-align: center;--text-decoration: none;--font-size: 30px;--font-weight: bold;--font-style: normal;--color: var(--theme-text-color);--background-color: #ffffff00;--background-image: none;--padding: 0;--border-width: 0px;--border-color: rgba(0,0,0,1);--border-radius: 0px;\" id=\"165539\" data-text=\"{&quot;type&quot;:&quot;static&quot;,&quot;value&quot;:&quot;My MovieTek&quot;}\" class=\"\" data-size=\"{&quot;type&quot;:&quot;static&quot;,&quot;value&quot;:&quot;Small&quot;}\"></zyllio-text><zyllio-text style=\"--horizontal-align: center;--vertical-align: center;--text-decoration: none;--font-size: 20px;--font-weight: normal;--font-style: normal;--color: var(--theme-text-color);--background-color: #ffffff00;--background-image: none;--padding: 0;--border-width: 0px;--border-color: rgba(0,0,0,1);--border-radius: 0px;\" id=\"692870\" data-text=\"{&quot;type&quot;:&quot;static&quot;,&quot;value&quot;:&quot;My MovieTek <br>with rating and teasers&quot;}\" class=\"\" data-size=\"{&quot;type&quot;:&quot;static&quot;,&quot;value&quot;:&quot;Medium&quot;}\"></zyllio-text><zyllio-button style=\"--button-width: 260px; --icon1: ; --icon2: ; --horizontal-align: center; --vertical-align: center; --text-decoration: none; --font-size: var(--theme-font-size); --font-weight: normal; --font-style: normal; --color: var(--theme-secondary-text-color); --background-color: var(--theme-secondary-color); --background-image: none; --border-width: 0px; --border-color: rgba(0,0,0,1); --border-radius: 25px; --box-shadow: 0 3px 1px -2px rgba(0,0,0,0.2),0 2px 2px 0 rgba(0,0,0,0.14),0 1px 5px 0 rgba(0,0,0,0.12);\" id=\"923320\" data-text=\"{&quot;type&quot;:&quot;static&quot;,&quot;value&quot;:&quot;Enter&quot;}\" data-action=\"{&quot;type&quot;:&quot;action&quot;,&quot;actionFlow&quot;:{&quot;id&quot;:&quot;&quot;,&quot;firstStepId&quot;:&quot;&quot;,&quot;actionSteps&quot;:[]}}\" class=\"\" transition=\"2\"></zyllio-button>","top":173,"left":792,"styles":[{"id":"display","value":"flex"},{"id":"flex-direction","value":"column"},{"id":"gap","value":"0px"},{"id":"width","value":"360px"},{"id":"height","value":"727px"},{"id":"background-color","value":"var(--theme-background-color)"},{"id":"background-image","value":"url('./api/applications/ef4b853bf5cd/assets/background.png')"},{"id":"background-repeat","value":"no-repeat"},{"id":"icon","value":"'\\f38f'"}],"isFirst":true}],"tables":[{"id":"69e99ef8-537d-80b3-22dd-93e48b26a480","name":"Movies","type":"internal","columns":[{"name":"Name","type":"text","relation":{}},{"name":"Genre","type":"text","relation":{}},{"name":"Synopsis","type":"text","relation":{}},{"name":"Picture","type":"image","relation":{}},{"name":"Rating","type":"number","relation":{}},{"name":"Teaser","type":"url","relation":{}}],"position":{"top":143.75,"left":172.5}},{"id":"ea3b2b99-59a9-7958-ac7b-6cd0c7f151ca","name":"Genres","type":"internal","columns":[{"name":"Label","type":"text","relation":{}}],"position":{"top":163,"left":630.3333333333334}}],"zoom":0.6000000000000001,"plugins":{"plugins":[]},"theme":{"primaryColor":"#5d1049","primaryTextColor":"#ffffff","secondaryColor":"#e30425","secondaryTextColor":"#ffffff","tertiaryColor":"#ffffff1e","tertiaryTextColor":"#ffffff","backgroundColor":"#370a29ff","textColor":"#ffffff","rtl":false,"fontFamily":"Roboto","fontSize":"16px"},"security":{"apiKey":"0ec6b533c3463gfcf4p1cn729cijb5hl0ddb"},"settings":{"pwa":{"url":"https://zyllio.app/apps/ef4b853bf5cd/"},"native":{"appId":"movie","appName":"MovieTek","appVersion":1010},"zapier":{"enabled":false,"apiKey":"0ec6b533c3467dgjmpocic5nm4ma93l53"},"airtable":{"enabled":false,"apiKey":"","database":"","token":""},"stripe":{"enabled":false,"token":"","publicKey":"","production":false,"currency":"USD"},"integromat":{"enabled":false,"apiKey":"0ec6b533c346g833ponc7c6g17n077inc2a"},"notion":{"enabled":false,"apiKey":"","database":""},"spreadsheet":{"enabled":false,"apiKey":"","database":""},"make":{"enabled":false,"apiKey":"8156ec73-cd80agggmbcbj22cdcfd6731295"},"twilio":{"enabled":false,"apiKey":"","account":""},"timetonic":{"enabled":false,"apiKey":"","userId":""},"gmail":{"enabled":false,"apiKey":""},"pushNotification":{"enabled":false},"customDomain":{"enabled":false,"domain":""},"rest":{"enabled":false,"configurations":[]},"openai":{"enabled":false,"apiKey":""},"offline":{"enabled":false},"googleFonts":{"enabled":false}},"cache":{"entries":{}},"host":"https://www.zyllio.one"}