{"id":"3c4f8804b143","name":"Blank","description":"Start from a blank template if you are familiar with Zyllio Studio","userName":"didier abder","email":"contact@zyllio.com","lastUpdated":"2024-07-14T10:58:06.973Z","screens":[{"id":"2","label":"Blank #1","htmlContent":"","top":130,"left":250,"styles":[{"id":"display","value":"flex"},{"id":"flex-direction","value":"column"},{"id":"gap","value":"0px"},{"id":"width","value":"360px"},{"id":"height","value":"1000px"},{"id":"background-color","value":"var(--theme-background-color)"},{"id":"background-image","value":"none"},{"id":"background-repeat","value":"no-repeat"},{"id":"background-size","value":"unset"},{"id":"icon","value":""}],"isFirst":true}],"tables":[],"zoom":0.8,"plugins":{"plugins":[]},"theme":{"primaryColor":"#164885","primaryTextColor":"#ffffff","secondaryColor":"#ee8030","secondaryTextColor":"#ffffff","tertiaryColor":"#0000000a","tertiaryTextColor":"#000000","backgroundColor":"#ffffff","textColor":"#000000","rtl":false,"fontFamily":"Roboto","fontSize":"16px"},"security":{"apiKey":"29e30a268e957hkk2dmc1damp5k597b554"},"settings":{"pwa":{"url":"https://zyllio.app/apps/3c4f8804b143/"},"native":{"appId":"blank","appName":"blank","appVersion":1008},"zapier":{"enabled":false,"apiKey":"29e30a268e9h3fk3h83kcn7i0d29hec2f8"},"airtable":{"enabled":false,"apiKey":"","database":"","token":""},"stripe":{"enabled":false,"token":"","publicKey":"","production":false,"currency":"USD"},"notion":{"enabled":false,"apiKey":"","database":""},"spreadsheet":{"enabled":false,"apiKey":"","database":""},"make":{"enabled":false,"apiKey":"3c4f8804b143n9g81f84k8pn0ip7o0fd9je"},"twilio":{"enabled":false,"apiKey":"","account":""},"timetonic":{"enabled":false,"apiKey":"","userId":""},"gmail":{"enabled":false,"apiKey":""},"pushNotification":{"enabled":false},"customDomain":{"enabled":false,"domain":""},"rest":{"enabled":false,"configurations":[]},"openai":{"enabled":false,"apiKey":""},"offline":{"enabled":false},"googleFonts":{"enabled":false}},"cache":{"entries":{}},"host":"https://studio.zyllio.com"}