{"id":"77bd958cb90c","name":"TaskZ","description":"This template allows users to create tasks and assign them to other users. Other users can complete tasks by attaching a file","userName":"didier abder","email":"contact@zyllio.com","lastUpdated":"2024-08-20T08:59:20.861Z","screens":[{"id":"10","label":"Complete task","htmlContent":"<zyllio-header style=\"--icon1: '\\f2ca'; --icon2: '\\f217'; --horizontal-align: center; --vertical-align: center; --text-decoration: none; --font-size: var(--theme-font-size); --font-weight: normal; --font-style: normal; --color: var(--theme-primary-text-color); --background-color: var(--theme-primary-color); --border-width: 0px; --border-color: rgba(0,0,0,1); --border-radius: 0px;\" id=\"174360\" data-text=\"{&quot;type&quot;:&quot;static&quot;,&quot;value&quot;:&quot;Follow up&quot;}\" data-display-button=\"{&quot;type&quot;:&quot;static&quot;,&quot;value&quot;:&quot;false&quot;}\" data-action=\"{&quot;type&quot;:&quot;action&quot;,&quot;actionFlow&quot;:{&quot;id&quot;:&quot;&quot;,&quot;firstStepId&quot;:&quot;&quot;,&quot;actionSteps&quot;:[]}}\" class=\"\"></zyllio-header><zyllio-text style=\"--horizontal-align: start;--vertical-align: flex-start;--text-decoration: none;--font-size: 20px;--font-weight: normal;--font-style: normal;--color: var(--theme-text-color);--background-color: #ffffff00;--background-image: none;--padding: 0;--border-width: 0px;--border-color: rgba(0,0,0,1);--border-radius: 0px;\" id=\"889991\" data-text=\"{&quot;type&quot;:&quot;static&quot;,&quot;value&quot;:&quot;&quot;}\" data-size=\"{&quot;type&quot;:&quot;static&quot;,&quot;value&quot;:&quot;Tiny&quot;}\" class=\"\"></zyllio-text><zyllio-form-text style=\"--font-size: var(--theme-font-size); --color: var(--theme-tertiary-text-color); --background-color: var(--theme-tertiary-color); --icon1: ; --icon2: ; --border-width: 0px; --border-color: #a8b9c4ff; --border-radius: 10px;\" id=\"623816\" data-value=\"{&quot;type&quot;:&quot;simple-variable&quot;,&quot;variableName&quot;:&quot;Comment&quot;}\" data-required=\"{&quot;type&quot;:&quot;static&quot;,&quot;value&quot;:&quot;true&quot;}\" data-multiline=\"{&quot;type&quot;:&quot;static&quot;,&quot;value&quot;:&quot;false&quot;}\" class=\"\"></zyllio-form-text><zyllio-form-image style=\"--font-size: var(--theme-font-size); --color: var(--theme-tertiary-text-color); --background-color: var(--theme-tertiary-color); --icon1: ; --icon2: ; --border-width: 0px; --border-color: #a8b9c4ff; --border-radius: 10px;\" id=\"187303\" data-value=\"{&quot;type&quot;:&quot;simple-variable&quot;,&quot;variableName&quot;:&quot;Picture&quot;}\" data-required=\"{&quot;type&quot;:&quot;static&quot;,&quot;value&quot;:&quot;true&quot;}\" class=\"\" data-display-condition=\"{&quot;type&quot;:&quot;condition&quot;,&quot;condition&quot;:{&quot;id&quot;:&quot;&quot;,&quot;name&quot;:&quot;&quot;,&quot;rule&quot;:&quot;and&quot;,&quot;criteria&quot;:[]}}\" data-label=\"{&quot;type&quot;:&quot;static&quot;,&quot;value&quot;:&quot;&quot;}\" data-image-layout=\"{&quot;type&quot;:&quot;static&quot;,&quot;value&quot;:&quot;Landscape&quot;}\"></zyllio-form-image><zyllio-button style=\"--button-width: 260px; --icon1: ; --icon2: ; --horizontal-align: center; --vertical-align: center; --text-decoration: none; --font-size: var(--theme-font-size); --font-weight: normal; --font-style: normal; --color: var(--theme-secondary-text-color); --background-color: var(--theme-secondary-color); --background-image: none; --border-width: 0px; --border-color: rgba(0,0,0,1); --border-radius: 25px; --box-shadow: 0 3px 1px -2px rgba(0,0,0,0.2),0 2px 2px 0 rgba(0,0,0,0.14),0 1px 5px 0 rgba(0,0,0,0.12);\" id=\"021744\" data-display-condition=\"{&quot;type&quot;:&quot;display-condition&quot;,&quot;condition&quot;:{&quot;id&quot;:&quot;&quot;,&quot;name&quot;:&quot;&quot;,&quot;rule&quot;:&quot;and&quot;,&quot;criteria&quot;:[]}}\" data-text=\"{&quot;type&quot;:&quot;static&quot;,&quot;value&quot;:&quot;Confirm&quot;}\" data-action=\"{&quot;type&quot;:&quot;action&quot;,&quot;actionFlow&quot;:{&quot;id&quot;:&quot;&quot;,&quot;firstStepId&quot;:&quot;1&quot;,&quot;actionSteps&quot;:[{&quot;action&quot;:{&quot;id&quot;:&quot;create-row&quot;,&quot;name&quot;:&quot;Create a row&quot;,&quot;properties&quot;:[{&quot;id&quot;:&quot;rows&quot;,&quot;name&quot;:&quot;Table&quot;,&quot;value&quot;:{&quot;type&quot;:&quot;table-row&quot;,&quot;tableId&quot;:&quot;d9d01d79958f&quot;,&quot;properties&quot;:[{&quot;id&quot;:&quot;Task Id&quot;,&quot;name&quot;:&quot;Task Id&quot;,&quot;value&quot;:{&quot;type&quot;:&quot;row-column-variable&quot;,&quot;columnVariable&quot;:{&quot;name&quot;:&quot;Pending tasks&quot;,&quot;field&quot;:&quot;Id&quot;}}},{&quot;id&quot;:&quot;Date&quot;,&quot;name&quot;:&quot;Date&quot;,&quot;value&quot;:{&quot;type&quot;:&quot;formula&quot;,&quot;formula&quot;:{&quot;values&quot;:[{&quot;id&quot;:&quot;current-date-time&quot;,&quot;name&quot;:&quot;Current date &amp; time&quot;,&quot;properties&quot;:[],&quot;format&quot;:{&quot;type&quot;:&quot;date&quot;,&quot;value&quot;:{&quot;display&quot;:&quot;date-only&quot;,&quot;format&quot;:&quot;short&quot;}}}]}}},{&quot;id&quot;:&quot;Comment&quot;,&quot;name&quot;:&quot;Comment&quot;,&quot;value&quot;:{&quot;type&quot;:&quot;simple-variable&quot;,&quot;variableName&quot;:&quot;Comment&quot;}},{&quot;id&quot;:&quot;Picture&quot;,&quot;name&quot;:&quot;Picture&quot;,&quot;value&quot;:{&quot;type&quot;:&quot;simple-variable&quot;,&quot;variableName&quot;:&quot;Picture&quot;}}]}}]},&quot;id&quot;:&quot;1&quot;,&quot;transitions&quot;:[{&quot;id&quot;:&quot;complete&quot;,&quot;next&quot;:&quot;2&quot;}]},{&quot;action&quot;:{&quot;id&quot;:&quot;update-selected-row&quot;,&quot;name&quot;:&quot;Update a selected row&quot;,&quot;properties&quot;:[{&quot;id&quot;:&quot;rows&quot;,&quot;name&quot;:&quot;Selection&quot;,&quot;value&quot;:{&quot;type&quot;:&quot;table-row&quot;,&quot;variableName&quot;:&quot;Pending tasks&quot;,&quot;properties&quot;:[{&quot;id&quot;:&quot;Id&quot;,&quot;name&quot;:&quot;Id&quot;,&quot;value&quot;:{&quot;type&quot;:&quot;row-column-variable&quot;,&quot;columnVariable&quot;:{&quot;name&quot;:&quot;Pending tasks&quot;,&quot;field&quot;:&quot;Id&quot;}}},{&quot;id&quot;:&quot;Name&quot;,&quot;name&quot;:&quot;Name&quot;,&quot;value&quot;:{&quot;type&quot;:&quot;row-column-variable&quot;,&quot;columnVariable&quot;:{&quot;name&quot;:&quot;Pending tasks&quot;,&quot;field&quot;:&quot;Name&quot;}}},{&quot;id&quot;:&quot;Date&quot;,&quot;name&quot;:&quot;Date&quot;,&quot;value&quot;:{&quot;type&quot;:&quot;row-column-variable&quot;,&quot;columnVariable&quot;:{&quot;name&quot;:&quot;Pending tasks&quot;,&quot;field&quot;:&quot;Date&quot;}}},{&quot;id&quot;:&quot;Requester&quot;,&quot;name&quot;:&quot;Requester&quot;,&quot;value&quot;:{&quot;type&quot;:&quot;row-column-variable&quot;,&quot;columnVariable&quot;:{&quot;name&quot;:&quot;Pending tasks&quot;,&quot;field&quot;:&quot;Requester&quot;}}},{&quot;id&quot;:&quot;Responsible&quot;,&quot;name&quot;:&quot;Responsible&quot;,&quot;value&quot;:{&quot;type&quot;:&quot;row-column-variable&quot;,&quot;columnVariable&quot;:{&quot;name&quot;:&quot;Pending tasks&quot;,&quot;field&quot;:&quot;Responsible&quot;}}},{&quot;id&quot;:&quot;Due date&quot;,&quot;name&quot;:&quot;Due date&quot;,&quot;value&quot;:{&quot;type&quot;:&quot;row-column-variable&quot;,&quot;columnVariable&quot;:{&quot;name&quot;:&quot;Pending tasks&quot;,&quot;field&quot;:&quot;Due date&quot;}}},{&quot;id&quot;:&quot;Description&quot;,&quot;name&quot;:&quot;Description&quot;,&quot;value&quot;:{&quot;type&quot;:&quot;row-column-variable&quot;,&quot;columnVariable&quot;:{&quot;name&quot;:&quot;Pending tasks&quot;,&quot;field&quot;:&quot;Description&quot;}}},{&quot;id&quot;:&quot;Delay&quot;,&quot;name&quot;:&quot;Delay&quot;,&quot;value&quot;:{&quot;type&quot;:&quot;formula&quot;,&quot;formula&quot;:{&quot;values&quot;:[{&quot;id&quot;:&quot;duration-from-today&quot;,&quot;name&quot;:&quot;Duration from today&quot;,&quot;properties&quot;:[{&quot;id&quot;:&quot;date&quot;,&quot;name&quot;:&quot;Date&quot;,&quot;value&quot;:{&quot;type&quot;:&quot;row-column-variable&quot;,&quot;columnVariable&quot;:{&quot;name&quot;:&quot;Pending tasks&quot;,&quot;field&quot;:&quot;Due date&quot;}}}],&quot;format&quot;:{&quot;type&quot;:&quot;number&quot;,&quot;value&quot;:{&quot;decimals&quot;:&quot;0&quot;,&quot;unit&quot;:&quot;&quot;}}}]}}},{&quot;id&quot;:&quot;Attached file&quot;,&quot;name&quot;:&quot;Attached file&quot;,&quot;value&quot;:{&quot;type&quot;:&quot;row-column-variable&quot;,&quot;columnVariable&quot;:{&quot;name&quot;:&quot;Pending tasks&quot;,&quot;field&quot;:&quot;Attached file&quot;}}},{&quot;id&quot;:&quot;Status&quot;,&quot;name&quot;:&quot;Status&quot;,&quot;value&quot;:{&quot;type&quot;:&quot;static&quot;,&quot;value&quot;:&quot;Done&quot;}}],&quot;tableId&quot;:&quot;ce32a89c7e4b&quot;}}]},&quot;id&quot;:&quot;2&quot;,&quot;transitions&quot;:[{&quot;id&quot;:&quot;complete&quot;,&quot;next&quot;:&quot;3&quot;}]},{&quot;action&quot;:{&quot;id&quot;:&quot;show-dialog&quot;,&quot;name&quot;:&quot;Show dialog&quot;,&quot;properties&quot;:[{&quot;id&quot;:&quot;title&quot;,&quot;name&quot;:&quot;Title&quot;,&quot;value&quot;:{&quot;type&quot;:&quot;static&quot;,&quot;value&quot;:&quot;Complete task&quot;}},{&quot;id&quot;:&quot;text&quot;,&quot;name&quot;:&quot;Text&quot;,&quot;value&quot;:{&quot;type&quot;:&quot;static&quot;,&quot;value&quot;:&quot;Your task is completed !&quot;}}]},&quot;id&quot;:&quot;3&quot;,&quot;transitions&quot;:[{&quot;id&quot;:&quot;complete&quot;,&quot;next&quot;:&quot;4&quot;}]},{&quot;action&quot;:{&quot;id&quot;:&quot;goto&quot;,&quot;name&quot;:&quot;Go to screen&quot;,&quot;properties&quot;:[{&quot;id&quot;:&quot;screen&quot;,&quot;name&quot;:&quot;Screen&quot;,&quot;value&quot;:{&quot;type&quot;:&quot;screen&quot;,&quot;screenId&quot;:&quot;7&quot;}}]},&quot;id&quot;:&quot;4&quot;,&quot;transitions&quot;:[{&quot;id&quot;:&quot;complete&quot;}]}]}}\" class=\"\"></zyllio-button>","top":1320,"left":1549,"styles":[{"id":"display","value":"flex"},{"id":"flex-direction","value":"column"},{"id":"gap","value":"0px"},{"id":"width","value":"360px"},{"id":"height","value":"731px"},{"id":"background-color","value":"var(--theme-background-color)"},{"id":"background-image","value":"url('./api/applications/77bd958cb90c/assets/background2.png')"},{"id":"background-repeat","value":"no-repeat"},{"id":"icon","value":""}],"isFirst":false},{"id":"12","label":"Details","htmlContent":"<zyllio-header style=\"--icon1: '\\f2ca'; --icon2: '\\f217'; --horizontal-align: center; --vertical-align: center; --text-decoration: none; --font-size: var(--theme-font-size); --font-weight: normal; --font-style: normal; --color: var(--theme-primary-text-color); --background-color: var(--theme-primary-color); --border-width: 0px; --border-color: rgba(0,0,0,1); --border-radius: 0px;\" id=\"177519\" data-text=\"{&quot;type&quot;:&quot;row-column-variable&quot;,&quot;columnVariable&quot;:{&quot;name&quot;:&quot;Pending tasks&quot;,&quot;field&quot;:&quot;Name&quot;}}\" data-display-button=\"{&quot;type&quot;:&quot;static&quot;,&quot;value&quot;:&quot;false&quot;}\" data-action=\"{&quot;type&quot;:&quot;action&quot;,&quot;actionFlow&quot;:{&quot;id&quot;:&quot;&quot;,&quot;firstStepId&quot;:&quot;&quot;,&quot;actionSteps&quot;:[]}}\" class=\"\"></zyllio-header><zyllio-text style=\"--horizontal-align: start;--vertical-align: flex-start;--text-decoration: none;--font-size: 20px;--font-weight: normal;--font-style: normal;--color: var(--theme-text-color);--background-color: #ffffff00;--background-image: none;--padding: 0;--border-width: 0px;--border-color: rgba(0,0,0,1);--border-radius: 0px;\" id=\"886923\" data-text=\"{&quot;type&quot;:&quot;static&quot;,&quot;value&quot;:&quot;&quot;}\" data-size=\"{&quot;type&quot;:&quot;static&quot;,&quot;value&quot;:&quot;Tiny&quot;}\" class=\"\"></zyllio-text><zyllio-label-text style=\"--horizontal-align: start; --vertical-align: flex-start; --text-decoration: none; --font-size: var(--theme-font-size); --font-weight: normal; --font-style: normal; --color: var(--theme-text-color); --background-color: #ffffff00; --background-image: none; --padding: 0; --border-width: 0px; --border-color: rgba(0,0,0,1); --border-radius: 0px;\" id=\"469858\" data-text=\"{&quot;type&quot;:&quot;row-column-variable&quot;,&quot;columnVariable&quot;:{&quot;name&quot;:&quot;Pending tasks&quot;,&quot;field&quot;:&quot;Name&quot;}}\" data-size=\"{&quot;type&quot;:&quot;static&quot;,&quot;value&quot;:&quot;Tiny&quot;}\" data-label=\"{&quot;type&quot;:&quot;static&quot;,&quot;value&quot;:&quot;&quot;}\" class=\"\"></zyllio-label-text><zyllio-label-text style=\"--horizontal-align: start; --vertical-align: flex-start; --text-decoration: none; --font-size: var(--theme-font-size); --font-weight: normal; --font-style: normal; --color: var(--theme-text-color); --background-color: #ffffff00; --background-image: none; --padding: 0; --border-width: 0px; --border-color: rgba(0,0,0,1); --border-radius: 0px;\" id=\"585094\" data-text=\"{&quot;type&quot;:&quot;row-column-variable&quot;,&quot;columnVariable&quot;:{&quot;name&quot;:&quot;Pending tasks&quot;,&quot;field&quot;:&quot;Date&quot;}}\" data-size=\"{&quot;type&quot;:&quot;static&quot;,&quot;value&quot;:&quot;Tiny&quot;}\" data-label=\"{&quot;type&quot;:&quot;static&quot;,&quot;value&quot;:&quot;&quot;}\" class=\"\"></zyllio-label-text><zyllio-contact-email style=\"--background-color: #ffffff00; --color: var(--theme-text-color); --button-border-radius: 25px; --button-background-color: #6b215b; --button-box-shadow: 0 3px 1px -2px rgba(0,0,0,0.2),0 2px 2px 0 rgba(0,0,0,0.14),0 1px 5px 0 rgba(0,0,0,0.12);\" id=\"345460\" data-display-condition=\"{&quot;type&quot;:&quot;condition&quot;,&quot;condition&quot;:{&quot;id&quot;:&quot;&quot;,&quot;name&quot;:&quot;&quot;,&quot;rule&quot;:&quot;and&quot;,&quot;criteria&quot;:[]}}\" data-reference=\"{&quot;type&quot;:&quot;row-column-variable&quot;,&quot;columnVariable&quot;:{&quot;field&quot;:&quot;Requester&quot;,&quot;name&quot;:&quot;Pending tasks&quot;}}\" data-label=\"{&quot;type&quot;:&quot;static&quot;,&quot;value&quot;:&quot;&quot;}\" data-hide-reference=\"{&quot;type&quot;:&quot;static&quot;,&quot;value&quot;:&quot;false&quot;}\" class=\"\"></zyllio-contact-email><zyllio-contact-email style=\"--background-color: #ffffff00; --color: var(--theme-text-color); --button-border-radius: 25px; --button-background-color: #6b215b; --button-box-shadow: 0 3px 1px -2px rgba(0,0,0,0.2),0 2px 2px 0 rgba(0,0,0,0.14),0 1px 5px 0 rgba(0,0,0,0.12);\" id=\"569587\" data-display-condition=\"{&quot;type&quot;:&quot;condition&quot;,&quot;condition&quot;:{&quot;id&quot;:&quot;&quot;,&quot;name&quot;:&quot;&quot;,&quot;rule&quot;:&quot;and&quot;,&quot;criteria&quot;:[]}}\" data-reference=\"{&quot;type&quot;:&quot;row-column-variable&quot;,&quot;columnVariable&quot;:{&quot;field&quot;:&quot;Responsible&quot;,&quot;name&quot;:&quot;Pending tasks&quot;}}\" data-label=\"{&quot;type&quot;:&quot;static&quot;,&quot;value&quot;:&quot;&quot;}\" data-hide-reference=\"{&quot;type&quot;:&quot;static&quot;,&quot;value&quot;:&quot;false&quot;}\" class=\"\"></zyllio-contact-email><zyllio-label-text style=\"--horizontal-align: start; --vertical-align: flex-start; --text-decoration: none; --font-size: var(--theme-font-size); --font-weight: normal; --font-style: normal; --color: var(--theme-text-color); --background-color: #ffffff00; --background-image: none; --padding: 0; --border-width: 0px; --border-color: rgba(0,0,0,1); --border-radius: 0px;\" id=\"037735\" data-text=\"{&quot;type&quot;:&quot;row-column-variable&quot;,&quot;columnVariable&quot;:{&quot;name&quot;:&quot;Pending tasks&quot;,&quot;field&quot;:&quot;Due date&quot;}}\" data-size=\"{&quot;type&quot;:&quot;static&quot;,&quot;value&quot;:&quot;Tiny&quot;}\" data-label=\"{&quot;type&quot;:&quot;static&quot;,&quot;value&quot;:&quot;&quot;}\" class=\"\"></zyllio-label-text><zyllio-label-text style=\"--horizontal-align: start; --vertical-align: flex-start; --text-decoration: none; --font-size: var(--theme-font-size); --font-weight: normal; --font-style: normal; --color: var(--theme-text-color); --background-color: #ffffff00; --background-image: none; --padding: 0; --border-width: 0px; --border-color: rgba(0,0,0,1); --border-radius: 0px;\" id=\"833903\" data-text=\"{&quot;type&quot;:&quot;row-column-variable&quot;,&quot;columnVariable&quot;:{&quot;name&quot;:&quot;Pending tasks&quot;,&quot;field&quot;:&quot;Description&quot;}}\" data-size=\"{&quot;type&quot;:&quot;static&quot;,&quot;value&quot;:&quot;Tiny&quot;}\" data-label=\"{&quot;type&quot;:&quot;static&quot;,&quot;value&quot;:&quot;&quot;}\" class=\"\"></zyllio-label-text><zyllio-label-text style=\"--horizontal-align: start; --vertical-align: flex-start; --text-decoration: none; --font-size: var(--theme-font-size); --font-weight: normal; --font-style: normal; --color: var(--theme-text-color); --background-color: #ffffff00; --background-image: none; --padding: 0; --border-width: 0px; --border-color: rgba(0,0,0,1); --border-radius: 0px;\" id=\"278724\" data-text=\"{&quot;type&quot;:&quot;row-column-variable&quot;,&quot;columnVariable&quot;:{&quot;name&quot;:&quot;Pending tasks&quot;,&quot;field&quot;:&quot;Status&quot;}}\" data-size=\"{&quot;type&quot;:&quot;static&quot;,&quot;value&quot;:&quot;Tiny&quot;}\" data-label=\"{&quot;type&quot;:&quot;static&quot;,&quot;value&quot;:&quot;&quot;}\" class=\"\"></zyllio-label-text><zyllio-button style=\"--button-width: 260px; --icon1: ; --icon2: ; --horizontal-align: center; --vertical-align: center; --text-decoration: none; --font-size: var(--theme-font-size); --font-weight: normal; --font-style: normal; --color: var(--theme-secondary-text-color); --background-color: var(--theme-secondary-color); --background-image: none; --border-width: 0px; --border-color: rgba(0,0,0,1); --border-radius: 25px; --box-shadow: 0 3px 1px -2px rgba(0,0,0,0.2),0 2px 2px 0 rgba(0,0,0,0.14),0 1px 5px 0 rgba(0,0,0,0.12);\" id=\"261395\" data-display-condition=\"{&quot;type&quot;:&quot;condition&quot;,&quot;condition&quot;:{&quot;id&quot;:&quot;&quot;,&quot;name&quot;:&quot;&quot;,&quot;rule&quot;:&quot;and&quot;,&quot;criteria&quot;:[]}}\" data-text=\"{&quot;type&quot;:&quot;static&quot;,&quot;value&quot;:&quot;CREATE Follow up&quot;}\" data-action=\"{&quot;type&quot;:&quot;action&quot;,&quot;actionFlow&quot;:{&quot;id&quot;:&quot;&quot;,&quot;firstStepId&quot;:&quot;&quot;,&quot;actionSteps&quot;:[]}}\" class=\"\" transition=\"10\"></zyllio-button>","top":1320,"left":1113,"styles":[{"id":"display","value":"flex"},{"id":"flex-direction","value":"column"},{"id":"gap","value":"0px"},{"id":"width","value":"360px"},{"id":"height","value":"731px"},{"id":"background-color","value":"var(--theme-background-color)"},{"id":"background-image","value":"url('./api/applications/77bd958cb90c/assets/background2.png')"},{"id":"background-repeat","value":"no-repeat"},{"id":"icon","value":""}],"isFirst":false},{"id":"5","label":"Login","htmlContent":"<zyllio-image style=\"--background-color: rgba(0,0,0,0);--padding: 10px;\" id=\"331433\" data-image=\"{&quot;type&quot;:&quot;static&quot;,&quot;value&quot;:&quot;./api/applications/77bd958cb90c/assets/logo.png&quot;}\" data-size=\"{&quot;type&quot;:&quot;static&quot;,&quot;value&quot;:&quot;Medium&quot;}\" data-profile=\"{&quot;type&quot;:&quot;static&quot;,&quot;value&quot;:&quot;false&quot;}\" data-action=\"{&quot;type&quot;:&quot;action&quot;,&quot;actionFlow&quot;:{&quot;id&quot;:&quot;&quot;,&quot;firstStepId&quot;:&quot;&quot;,&quot;actionSteps&quot;:[]}}\" class=\"\" data-image-layout=\"{&quot;type&quot;:&quot;static&quot;,&quot;value&quot;:&quot;Landscape&quot;}\"></zyllio-image><zyllio-text style=\"--horizontal-align: center;--vertical-align: flex-start;--text-decoration: none;--font-size: 30px;--font-weight: bold;--font-style: normal;--color: var(--theme-text-color);--background-color: #ffffff00;--background-image: none;--padding: 10px;--border-width: 0px;--border-color: rgba(0,0,0,1);--border-radius: 0px;\" id=\"634106\" data-text=\"{&quot;type&quot;:&quot;static&quot;,&quot;value&quot;:&quot;Welcome&quot;}\" data-size=\"{&quot;type&quot;:&quot;static&quot;,&quot;value&quot;:&quot;Tiny&quot;}\" class=\"\"></zyllio-text><zyllio-form-text style=\"--font-size: var(--theme-font-size); --color: var(--theme-tertiary-text-color); --background-color: var(--theme-tertiary-color); --icon1: ; --icon2: ; --border-width: 0px; --border-color: #a8b9c4ff; --border-radius: 10px;\" id=\"765824\" data-value=\"{&quot;type&quot;:&quot;simple-variable&quot;,&quot;variableName&quot;:&quot;Email&quot;}\" data-required=\"{&quot;type&quot;:&quot;static&quot;,&quot;value&quot;:&quot;true&quot;}\" data-multiline=\"{&quot;type&quot;:&quot;static&quot;,&quot;value&quot;:&quot;false&quot;}\" class=\"\"></zyllio-form-text><zyllio-form-password style=\"--font-size: var(--theme-font-size); --color: var(--theme-tertiary-text-color); --background-color: var(--theme-tertiary-color); --icon1: ; --icon2: ; --border-width: 0px; --border-color: #a8b9c4ff; --border-radius: 10px;\" id=\"647733\" data-value=\"{&quot;type&quot;:&quot;simple-variable&quot;,&quot;variableName&quot;:&quot;Password&quot;}\" data-required=\"{&quot;type&quot;:&quot;static&quot;,&quot;value&quot;:&quot;true&quot;}\" class=\"\"></zyllio-form-password><zyllio-button style=\"--button-width: 260px; --icon1: ; --icon2: ; --horizontal-align: center; --vertical-align: center; --text-decoration: none; --font-size: var(--theme-font-size); --font-weight: normal; --font-style: normal; --color: var(--theme-secondary-text-color); --background-color: var(--theme-secondary-color); --background-image: none; --border-width: 0px; --border-color: rgba(0,0,0,1); --border-radius: 25px; --box-shadow: 0 3px 1px -2px rgba(0,0,0,0.2),0 2px 2px 0 rgba(0,0,0,0.14),0 1px 5px 0 rgba(0,0,0,0.12);\" id=\"274933\" data-display-condition=\"{&quot;type&quot;:&quot;display-condition&quot;,&quot;condition&quot;:{&quot;id&quot;:&quot;&quot;,&quot;name&quot;:&quot;&quot;,&quot;rule&quot;:&quot;and&quot;,&quot;criteria&quot;:[]}}\" data-text=\"{&quot;type&quot;:&quot;static&quot;,&quot;value&quot;:&quot;Enter&quot;}\" data-action=\"{&quot;type&quot;:&quot;action&quot;,&quot;actionFlow&quot;:{&quot;id&quot;:&quot;&quot;,&quot;firstStepId&quot;:&quot;1&quot;,&quot;actionSteps&quot;:[{&quot;action&quot;:{&quot;id&quot;:&quot;login&quot;,&quot;name&quot;:&quot;Login&quot;,&quot;properties&quot;:[{&quot;id&quot;:&quot;value&quot;,&quot;name&quot;:&quot;Variable&quot;,&quot;value&quot;:{&quot;type&quot;:&quot;row-variable&quot;,&quot;tableId&quot;:&quot;5316d727ae0b&quot;,&quot;variableName&quot;:&quot;User&quot;}},{&quot;id&quot;:&quot;table&quot;,&quot;name&quot;:&quot;Users table&quot;,&quot;value&quot;:{&quot;type&quot;:&quot;table&quot;,&quot;tableId&quot;:&quot;5316d727ae0b&quot;}},{&quot;id&quot;:&quot;email&quot;,&quot;name&quot;:&quot;Email&quot;,&quot;value&quot;:{&quot;type&quot;:&quot;simple-variable&quot;,&quot;variableName&quot;:&quot;Email&quot;}},{&quot;id&quot;:&quot;password&quot;,&quot;name&quot;:&quot;Password&quot;,&quot;value&quot;:{&quot;type&quot;:&quot;simple-variable&quot;,&quot;variableName&quot;:&quot;Password&quot;}}]},&quot;id&quot;:&quot;1&quot;,&quot;transitions&quot;:[{&quot;id&quot;:&quot;complete&quot;}]}]}}\" class=\"\" transition=\"2\"></zyllio-button>","top":80,"left":670,"styles":[{"id":"display","value":"flex"},{"id":"flex-direction","value":"column"},{"id":"gap","value":"0px"},{"id":"width","value":"360px"},{"id":"height","value":"883px"},{"id":"background-color","value":"var(--theme-background-color)"},{"id":"background-image","value":"none"},{"id":"background-repeat","value":"no-repeat"},{"id":"icon","value":"'\\f213'"}],"isFirst":false},{"id":"2","label":"My own tasks","htmlContent":"<zyllio-header style=\"--icon1: '\\f2ca'; --icon2: '\\f217'; --horizontal-align: center; --vertical-align: center; --text-decoration: none; --font-size: var(--theme-font-size); --font-weight: normal; --font-style: normal; --color: var(--theme-primary-text-color); --background-color: var(--theme-primary-color); --border-width: 0px; --border-color: rgba(0,0,0,1); --border-radius: 0px;\" id=\"199544\" data-text=\"{&quot;type&quot;:&quot;static&quot;,&quot;value&quot;:&quot;My own tasks&quot;}\" data-display-button=\"{&quot;type&quot;:&quot;static&quot;,&quot;value&quot;:&quot;false&quot;}\" data-action=\"{&quot;type&quot;:&quot;action&quot;,&quot;actionFlow&quot;:{&quot;id&quot;:&quot;&quot;,&quot;firstStepId&quot;:&quot;&quot;,&quot;actionSteps&quot;:[]}}\" class=\"\" data-display-condition=\"{&quot;type&quot;:&quot;condition&quot;,&quot;condition&quot;:{&quot;rule&quot;:&quot;and&quot;,&quot;criteria&quot;:[]}}\"></zyllio-header><zyllio-statistic style=\"--icon: ;--horizontal-align: center;--vertical-align: flex-start;--font-size: 29px;--color: var(--theme-primary-text-color);--background-color: var(--theme-primary-color);--background-image: none;--padding: 10px;--border-width: 0px;--border-color: rgba(0,0,0,1);--border-radius: 10px;\" id=\"485393\" data-label=\"{&quot;type&quot;:&quot;static&quot;,&quot;value&quot;:&quot;Total tasks&quot;}\" data-value=\"{&quot;type&quot;:&quot;formula&quot;,&quot;formula&quot;:{&quot;values&quot;:[{&quot;id&quot;:&quot;count-rows&quot;,&quot;name&quot;:&quot;Count rows&quot;,&quot;properties&quot;:[{&quot;id&quot;:&quot;table&quot;,&quot;name&quot;:&quot;Table&quot;,&quot;value&quot;:{&quot;type&quot;:&quot;table&quot;,&quot;tableId&quot;:&quot;ce32a89c7e4b&quot;}},{&quot;id&quot;:&quot;filter&quot;,&quot;name&quot;:&quot;Filter&quot;,&quot;value&quot;:{&quot;type&quot;:&quot;filter&quot;,&quot;tableId&quot;:&quot;ce32a89c7e4b&quot;,&quot;filter&quot;:{&quot;rule&quot;:&quot;and&quot;,&quot;criteria&quot;:[{&quot;operand1&quot;:{&quot;value&quot;:{&quot;type&quot;:&quot;column&quot;,&quot;columnName&quot;:&quot;Responsible&quot;,&quot;tableId&quot;:&quot;ce32a89c7e4b&quot;}},&quot;operand2&quot;:{&quot;value&quot;:{&quot;type&quot;:&quot;row-column-variable&quot;,&quot;columnVariable&quot;:{&quot;field&quot;:&quot;Email&quot;,&quot;name&quot;:&quot;User&quot;}}},&quot;operator&quot;:&quot;equals&quot;}]}}}],&quot;format&quot;:{&quot;type&quot;:&quot;whole-number&quot;,&quot;value&quot;:{&quot;unit&quot;:&quot;&quot;,&quot;thousandsSeparator&quot;:false}}}]}}\" class=\"\" data-display-condition=\"{&quot;type&quot;:&quot;condition&quot;,&quot;condition&quot;:{&quot;rule&quot;:&quot;and&quot;,&quot;criteria&quot;:[]}}\"></zyllio-statistic><zyllio-text style=\"--horizontal-align: start;--vertical-align: flex-start;--text-decoration: none;--font-size: 20px;--font-weight: normal;--font-style: normal;--color: var(--theme-text-color);--background-color: #ffffff00;--background-image: none;--padding: 0;--border-width: 0px;--border-color: rgba(0,0,0,1);--border-radius: 0px;\" id=\"406378\" data-text=\"{&quot;type&quot;:&quot;static&quot;,&quot;value&quot;:&quot;&quot;}\" data-size=\"{&quot;type&quot;:&quot;static&quot;,&quot;value&quot;:&quot;Tiny&quot;}\" class=\"\"></zyllio-text><zyllio-category style=\"--value-color: var(--theme-text-color); --value-font-size: var(--theme-font-size); --font-size: 14px; --horizontal-align: center; --padding: 10px; --color: #000000ff; --selected-color: var(--theme-secondary-text-color); --background-color: #e5e5e5ff; --selected-background-color: var(--theme-secondary-color); --border-width: 0px; --border-color: #000000; --border-radius: 25px;\" id=\"812675\" data-value=\"{&quot;type&quot;:&quot;row-variable&quot;,&quot;tableId&quot;:&quot;21f22c832de1&quot;,&quot;variableName&quot;:&quot;By status&quot;}\" data-table=\"{&quot;type&quot;:&quot;table&quot;,&quot;tableId&quot;:&quot;21f22c832de1&quot;}\" data-title=\"{&quot;type&quot;:&quot;column&quot;,&quot;tableId&quot;:&quot;21f22c832de1&quot;,&quot;columnName&quot;:&quot;Name&quot;}\" data-visible-items=\"{&quot;type&quot;:&quot;static&quot;,&quot;value&quot;:&quot;4&quot;}\" data-filter=\"{&quot;type&quot;:&quot;filter&quot;,&quot;tableId&quot;:&quot;21f22c832de1&quot;,&quot;filter&quot;:{&quot;id&quot;:&quot;&quot;,&quot;name&quot;:&quot;&quot;,&quot;rule&quot;:&quot;and&quot;,&quot;criteria&quot;:[]}}\" data-sort=\"{&quot;type&quot;:&quot;sort&quot;,&quot;tableId&quot;:&quot;21f22c832de1&quot;,&quot;columnName&quot;:&quot;&quot;,&quot;asc&quot;:true}\" data-display-badge=\"{&quot;type&quot;:&quot;static&quot;,&quot;value&quot;:&quot;false&quot;}\" class=\"\"></zyllio-category><zyllio-list style=\"--value-color: var(--theme-text-color); --value-font-size: var(--theme-font-size); --font-size: var(--theme-font-size); --color: var(--theme-tertiary-text-color); --selected-color: var(--theme-secondary-text-color); --background-color: var(--theme-tertiary-color); --selected-background-color: var(--theme-secondary-color); --border-width: 0px; --border-color: #000000; --border-radius: 10px; --list-item-height: 60px;\" id=\"885490\" data-value=\"{&quot;type&quot;:&quot;row-variable&quot;,&quot;tableId&quot;:&quot;ce32a89c7e4b&quot;,&quot;variableName&quot;:&quot;My tasks&quot;}\" data-table=\"{&quot;type&quot;:&quot;table&quot;,&quot;tableId&quot;:&quot;ce32a89c7e4b&quot;}\" data-title=\"{&quot;type&quot;:&quot;column&quot;,&quot;tableId&quot;:&quot;ce32a89c7e4b&quot;,&quot;columnName&quot;:&quot;Name&quot;}\" data-subtitle=\"{&quot;type&quot;:&quot;column&quot;,&quot;columnName&quot;:&quot;Date&quot;,&quot;tableId&quot;:&quot;ce32a89c7e4b&quot;}\" data-image=\"{&quot;type&quot;:&quot;column&quot;,&quot;columnName&quot;:&quot;&quot;,&quot;tableId&quot;:&quot;ce32a89c7e4b&quot;}\" data-filter=\"{&quot;type&quot;:&quot;filter&quot;,&quot;tableId&quot;:&quot;ce32a89c7e4b&quot;,&quot;filter&quot;:{&quot;id&quot;:&quot;&quot;,&quot;name&quot;:&quot;&quot;,&quot;rule&quot;:&quot;and&quot;,&quot;criteria&quot;:[{&quot;operand1&quot;:{&quot;value&quot;:{&quot;type&quot;:&quot;column&quot;,&quot;columnName&quot;:&quot;Responsible&quot;,&quot;tableId&quot;:&quot;ce32a89c7e4b&quot;}},&quot;operand2&quot;:{&quot;value&quot;:{&quot;type&quot;:&quot;row-column-variable&quot;,&quot;columnVariable&quot;:{&quot;field&quot;:&quot;Email&quot;,&quot;name&quot;:&quot;User&quot;}}},&quot;operator&quot;:&quot;equals&quot;},{&quot;operand1&quot;:{&quot;value&quot;:{&quot;type&quot;:&quot;column&quot;,&quot;columnName&quot;:&quot;Status&quot;,&quot;tableId&quot;:&quot;ce32a89c7e4b&quot;}},&quot;operand2&quot;:{&quot;value&quot;:{&quot;type&quot;:&quot;row-column-variable&quot;,&quot;columnVariable&quot;:{&quot;field&quot;:&quot;Value&quot;,&quot;name&quot;:&quot;By status&quot;}}},&quot;operator&quot;:&quot;includes&quot;}]}}\" data-sort=\"{&quot;type&quot;:&quot;sort&quot;,&quot;tableId&quot;:&quot;ce32a89c7e4b&quot;,&quot;columnName&quot;:&quot;&quot;,&quot;asc&quot;:true}\" data-max-items=\"{&quot;type&quot;:&quot;static&quot;,&quot;value&quot;:&quot;30&quot;}\" data-profile=\"{&quot;type&quot;:&quot;static&quot;,&quot;value&quot;:&quot;false&quot;}\" data-display-badge=\"{&quot;type&quot;:&quot;static&quot;,&quot;value&quot;:&quot;true&quot;}\" class=\"\" transition=\"11\" data-display-condition=\"{&quot;type&quot;:&quot;condition&quot;,&quot;condition&quot;:{&quot;rule&quot;:&quot;and&quot;,&quot;criteria&quot;:[]}}\" data-label=\"{&quot;type&quot;:&quot;static&quot;,&quot;value&quot;:&quot;&quot;}\"></zyllio-list><zyllio-footer style=\"--color: var(--theme-tertiary-text-color);--background-color: rgba(255,255,255,1);--border-width: 0px;--border-color: rgba(0,0,0,1);--border-radius: 0px;--box-shadow: none;--icon1: '\\f217';\" id=\"038807\" data-display-button=\"{&quot;type&quot;:&quot;static&quot;,&quot;value&quot;:&quot;false&quot;}\" data-action=\"{&quot;type&quot;:&quot;action&quot;,&quot;actionFlow&quot;:{&quot;id&quot;:&quot;&quot;,&quot;firstStepId&quot;:&quot;&quot;,&quot;actionSteps&quot;:[]}}\" data-display-labels=\"{&quot;type&quot;:&quot;static&quot;,&quot;value&quot;:&quot;false&quot;}\" data-screens=\"{&quot;type&quot;:&quot;screens&quot;,&quot;screenIds&quot;:[&quot;2&quot;,&quot;7&quot;,&quot;8&quot;]}\" class=\"\" data-display-condition=\"{&quot;type&quot;:&quot;condition&quot;,&quot;condition&quot;:{&quot;id&quot;:&quot;&quot;,&quot;name&quot;:&quot;&quot;,&quot;rule&quot;:&quot;and&quot;,&quot;criteria&quot;:[]}}\"></zyllio-footer>","top":80,"left":1113,"styles":[{"id":"display","value":"flex"},{"id":"flex-direction","value":"column"},{"id":"gap","value":"0px"},{"id":"width","value":"360px"},{"id":"height","value":"883px"},{"id":"background-color","value":"var(--theme-background-color)"},{"id":"background-image","value":"url('./api/applications/77bd958cb90c/assets/background3.png')"},{"id":"background-repeat","value":"no-repeat"},{"id":"icon","value":"'\\f376'"}],"isFirst":false},{"id":"7","label":"My pending tasks","htmlContent":"<zyllio-header style=\"--icon1: '\\f2ca'; --icon2: '\\f373'; --horizontal-align: center; --vertical-align: center; --text-decoration: none; --font-size: var(--theme-font-size); --font-weight: normal; --font-style: normal; --color: var(--theme-primary-text-color); --background-color: var(--theme-primary-color); --border-width: 0px; --border-color: rgba(0,0,0,1); --border-radius: 0px;\" id=\"199544\" data-text=\"{&quot;type&quot;:&quot;static&quot;,&quot;value&quot;:&quot;My pending tasks&quot;}\" data-display-button=\"{&quot;type&quot;:&quot;static&quot;,&quot;value&quot;:&quot;false&quot;}\" data-action=\"{&quot;type&quot;:&quot;action&quot;,&quot;actionFlow&quot;:{&quot;id&quot;:&quot;&quot;,&quot;firstStepId&quot;:&quot;&quot;,&quot;actionSteps&quot;:[]}}\" class=\"\"></zyllio-header><zyllio-text style=\"--horizontal-align: start;--vertical-align: flex-start;--text-decoration: none;--font-size: 20px;--font-weight: normal;--font-style: normal;--color: var(--theme-text-color);--background-color: #ffffff00;--background-image: none;--padding: 0;--border-width: 0px;--border-color: rgba(0,0,0,1);--border-radius: 0px;\" id=\"406378\" data-text=\"{&quot;type&quot;:&quot;static&quot;,&quot;value&quot;:&quot;&quot;}\" data-size=\"{&quot;type&quot;:&quot;static&quot;,&quot;value&quot;:&quot;Tiny&quot;}\" class=\"\"></zyllio-text><zyllio-list style=\"--value-color: var(--theme-text-color); --value-font-size: var(--theme-font-size); --font-size: var(--theme-font-size); --color: var(--theme-tertiary-text-color); --selected-color: var(--theme-secondary-text-color); --background-color: var(--theme-tertiary-color); --selected-background-color: var(--theme-secondary-color); --border-width: 0px; --border-color: #000000; --border-radius: 10px; --list-item-height: 60px;\" id=\"885490\" data-value=\"{&quot;type&quot;:&quot;row-variable&quot;,&quot;tableId&quot;:&quot;ce32a89c7e4b&quot;,&quot;variableName&quot;:&quot;Pending tasks&quot;}\" data-table=\"{&quot;type&quot;:&quot;table&quot;,&quot;tableId&quot;:&quot;ce32a89c7e4b&quot;}\" data-title=\"{&quot;type&quot;:&quot;column&quot;,&quot;tableId&quot;:&quot;ce32a89c7e4b&quot;,&quot;columnName&quot;:&quot;Name&quot;}\" data-subtitle=\"{&quot;type&quot;:&quot;column&quot;,&quot;tableId&quot;:&quot;ce32a89c7e4b&quot;,&quot;columnName&quot;:&quot;Requester&quot;}\" data-image=\"{&quot;type&quot;:&quot;column&quot;,&quot;tableId&quot;:&quot;ce32a89c7e4b&quot;,&quot;columnName&quot;:&quot;Image&quot;}\" data-filter=\"{&quot;type&quot;:&quot;filter&quot;,&quot;tableId&quot;:&quot;ce32a89c7e4b&quot;,&quot;filter&quot;:{&quot;id&quot;:&quot;&quot;,&quot;name&quot;:&quot;&quot;,&quot;rule&quot;:&quot;and&quot;,&quot;criteria&quot;:[{&quot;operand1&quot;:{&quot;value&quot;:{&quot;type&quot;:&quot;column&quot;,&quot;columnName&quot;:&quot;Responsible&quot;,&quot;tableId&quot;:&quot;ce32a89c7e4b&quot;}},&quot;operand2&quot;:{&quot;value&quot;:{&quot;type&quot;:&quot;row-column-variable&quot;,&quot;columnVariable&quot;:{&quot;name&quot;:&quot;User&quot;,&quot;field&quot;:&quot;Email&quot;}}},&quot;operator&quot;:&quot;equals&quot;},{&quot;operand1&quot;:{&quot;value&quot;:{&quot;type&quot;:&quot;column&quot;,&quot;columnName&quot;:&quot;Status&quot;,&quot;tableId&quot;:&quot;ce32a89c7e4b&quot;}},&quot;operand2&quot;:{&quot;value&quot;:{&quot;type&quot;:&quot;static&quot;,&quot;value&quot;:&quot;Pending&quot;}},&quot;operator&quot;:&quot;equals&quot;}]}}\" data-sort=\"{&quot;type&quot;:&quot;sort&quot;,&quot;tableId&quot;:&quot;ce32a89c7e4b&quot;,&quot;columnName&quot;:&quot;&quot;,&quot;asc&quot;:true}\" data-max-items=\"{&quot;type&quot;:&quot;static&quot;,&quot;value&quot;:&quot;30&quot;}\" data-profile=\"{&quot;type&quot;:&quot;static&quot;,&quot;value&quot;:&quot;false&quot;}\" data-display-badge=\"{&quot;type&quot;:&quot;static&quot;,&quot;value&quot;:&quot;true&quot;}\" class=\"\" transition=\"12\"></zyllio-list><zyllio-footer style=\"--color: var(--theme-tertiary-text-color);--background-color: rgba(255,255,255,1);--border-width: 0px;--border-color: rgba(0,0,0,1);--border-radius: 0px;--box-shadow: none;--icon1: '\\f217';\" id=\"209499\" data-display-button=\"{&quot;type&quot;:&quot;static&quot;,&quot;value&quot;:&quot;false&quot;}\" data-action=\"{&quot;type&quot;:&quot;action&quot;,&quot;actionFlow&quot;:{&quot;id&quot;:&quot;&quot;,&quot;firstStepId&quot;:&quot;&quot;,&quot;actionSteps&quot;:[]}}\" data-display-labels=\"{&quot;type&quot;:&quot;static&quot;,&quot;value&quot;:&quot;false&quot;}\" data-screens=\"{&quot;type&quot;:&quot;screens&quot;,&quot;screenIds&quot;:[&quot;2&quot;,&quot;7&quot;,&quot;8&quot;]}\" class=\"\"></zyllio-footer>","top":1320,"left":679,"styles":[{"id":"display","value":"flex"},{"id":"flex-direction","value":"column"},{"id":"gap","value":"0px"},{"id":"width","value":"360px"},{"id":"height","value":"731px"},{"id":"background-color","value":"var(--theme-background-color)"},{"id":"background-image","value":"url('./api/applications/77bd958cb90c/assets/background2.png')"},{"id":"background-repeat","value":"no-repeat"},{"id":"icon","value":"'\\f3b3'"}],"isFirst":false},{"id":"8","label":"Performance","htmlContent":"<zyllio-header style=\"--icon1: '\\f2ca'; --icon2: '\\f217'; --horizontal-align: center; --vertical-align: center; --text-decoration: none; --font-size: var(--theme-font-size); --font-weight: normal; --font-style: normal; --color: var(--theme-primary-text-color); --background-color: var(--theme-primary-color); --border-width: 0px; --border-color: rgba(0,0,0,1); --border-radius: 0px;\" id=\"155503\" data-text=\"{&quot;type&quot;:&quot;static&quot;,&quot;value&quot;:&quot;My performance&quot;}\" data-display-button=\"{&quot;type&quot;:&quot;static&quot;,&quot;value&quot;:&quot;false&quot;}\" data-action=\"{&quot;type&quot;:&quot;action&quot;,&quot;actionFlow&quot;:{&quot;id&quot;:&quot;&quot;,&quot;firstStepId&quot;:&quot;&quot;,&quot;actionSteps&quot;:[]}}\" class=\"\"></zyllio-header><zyllio-footer style=\"--color: var(--theme-tertiary-text-color);--background-color: rgba(255,255,255,1);--border-width: 0px;--border-color: rgba(0,0,0,1);--border-radius: 0px;--box-shadow: none;--icon1: '\\f217';\" id=\"082537\" data-display-button=\"{&quot;type&quot;:&quot;static&quot;,&quot;value&quot;:&quot;false&quot;}\" data-action=\"{&quot;type&quot;:&quot;action&quot;,&quot;actionFlow&quot;:{&quot;id&quot;:&quot;&quot;,&quot;firstStepId&quot;:&quot;&quot;,&quot;actionSteps&quot;:[]}}\" data-display-labels=\"{&quot;type&quot;:&quot;static&quot;,&quot;value&quot;:&quot;false&quot;}\" data-screens=\"{&quot;type&quot;:&quot;screens&quot;,&quot;screenIds&quot;:[&quot;2&quot;,&quot;7&quot;,&quot;8&quot;]}\" class=\"\"></zyllio-footer><zyllio-text style=\"--horizontal-align: start;--vertical-align: flex-start;--text-decoration: none;--font-size: 20px;--font-weight: normal;--font-style: normal;--color: var(--theme-text-color);--background-color: #ffffff00;--background-image: none;--padding: 0;--border-width: 0px;--border-color: rgba(0,0,0,1);--border-radius: 0px;\" id=\"146046\" data-text=\"{&quot;type&quot;:&quot;static&quot;,&quot;value&quot;:&quot;&quot;}\" data-size=\"{&quot;type&quot;:&quot;static&quot;,&quot;value&quot;:&quot;Tiny&quot;}\" class=\"\"></zyllio-text><zyllio-text style=\"--horizontal-align: start; --vertical-align: flex-start; --text-decoration: none; --font-size: var(--theme-font-size); --font-weight: normal; --font-style: normal; --color: var(--theme-text-color); --background-color: #ffffff00; --background-image: none; --padding: 0; --border-width: 0px; --border-color: rgba(0,0,0,1); --border-radius: 0px;\" id=\"020523\" data-text=\"{&quot;type&quot;:&quot;static&quot;,&quot;value&quot;:&quot;Tasks done within terms&quot;}\" data-size=\"{&quot;type&quot;:&quot;static&quot;,&quot;value&quot;:&quot;Tiny&quot;}\" class=\"\"></zyllio-text><zyllio-progress style=\"--icon1: '\\f2fc';--color: var(--theme-text-color);--background-color: var(--theme-tertiary-color);--fill-color: var(--theme-secondary-color);\" id=\"307603\" data-value=\"{&quot;type&quot;:&quot;formula&quot;,&quot;formula&quot;:{&quot;values&quot;:[{&quot;id&quot;:&quot;count-rows&quot;,&quot;name&quot;:&quot;Count rows&quot;,&quot;properties&quot;:[{&quot;id&quot;:&quot;table&quot;,&quot;name&quot;:&quot;Table&quot;,&quot;value&quot;:{&quot;type&quot;:&quot;table&quot;,&quot;tableId&quot;:&quot;ce32a89c7e4b&quot;}},{&quot;id&quot;:&quot;filter&quot;,&quot;name&quot;:&quot;Filter&quot;,&quot;value&quot;:{&quot;type&quot;:&quot;static&quot;,&quot;value&quot;:&quot;&quot;,&quot;tableId&quot;:&quot;ce32a89c7e4b&quot;,&quot;filter&quot;:{&quot;id&quot;:&quot;&quot;,&quot;name&quot;:&quot;&quot;,&quot;rule&quot;:&quot;and&quot;,&quot;criteria&quot;:[{&quot;operand1&quot;:{&quot;value&quot;:{&quot;type&quot;:&quot;column&quot;,&quot;columnName&quot;:&quot;Responsible&quot;,&quot;tableId&quot;:&quot;ce32a89c7e4b&quot;}},&quot;operand2&quot;:{&quot;value&quot;:{&quot;type&quot;:&quot;row-column-variable&quot;,&quot;columnVariable&quot;:{&quot;name&quot;:&quot;User&quot;,&quot;field&quot;:&quot;Email&quot;}}},&quot;operator&quot;:&quot;equals&quot;},{&quot;operand1&quot;:{&quot;value&quot;:{&quot;type&quot;:&quot;column&quot;,&quot;columnName&quot;:&quot;Status&quot;,&quot;tableId&quot;:&quot;ce32a89c7e4b&quot;}},&quot;operand2&quot;:{&quot;value&quot;:{&quot;type&quot;:&quot;static&quot;,&quot;value&quot;:&quot;Done&quot;}},&quot;operator&quot;:&quot;equals&quot;},{&quot;operand1&quot;:{&quot;value&quot;:{&quot;type&quot;:&quot;column&quot;,&quot;columnName&quot;:&quot;Delay&quot;,&quot;tableId&quot;:&quot;ce32a89c7e4b&quot;}},&quot;operand2&quot;:{&quot;value&quot;:{&quot;type&quot;:&quot;static&quot;,&quot;value&quot;:&quot;0&quot;}},&quot;operator&quot;:&quot;greater-than&quot;}]}}}],&quot;format&quot;:{&quot;type&quot;:&quot;whole-number&quot;}}]}}\" data-maximum=\"{&quot;type&quot;:&quot;formula&quot;,&quot;formula&quot;:{&quot;values&quot;:[{&quot;id&quot;:&quot;count-rows&quot;,&quot;name&quot;:&quot;Count rows&quot;,&quot;properties&quot;:[{&quot;id&quot;:&quot;table&quot;,&quot;name&quot;:&quot;Table&quot;,&quot;value&quot;:{&quot;type&quot;:&quot;table&quot;,&quot;tableId&quot;:&quot;ce32a89c7e4b&quot;}},{&quot;id&quot;:&quot;filter&quot;,&quot;name&quot;:&quot;Filter&quot;,&quot;value&quot;:{&quot;type&quot;:&quot;static&quot;,&quot;value&quot;:&quot;&quot;,&quot;tableId&quot;:&quot;ce32a89c7e4b&quot;,&quot;filter&quot;:{&quot;id&quot;:&quot;&quot;,&quot;name&quot;:&quot;&quot;,&quot;rule&quot;:&quot;and&quot;,&quot;criteria&quot;:[{&quot;operand1&quot;:{&quot;value&quot;:{&quot;type&quot;:&quot;column&quot;,&quot;columnName&quot;:&quot;Responsible&quot;,&quot;tableId&quot;:&quot;ce32a89c7e4b&quot;}},&quot;operand2&quot;:{&quot;value&quot;:{&quot;type&quot;:&quot;row-column-variable&quot;,&quot;columnVariable&quot;:{&quot;name&quot;:&quot;User&quot;,&quot;field&quot;:&quot;Email&quot;}}},&quot;operator&quot;:&quot;equals&quot;},{&quot;operand1&quot;:{&quot;value&quot;:{&quot;type&quot;:&quot;column&quot;,&quot;columnName&quot;:&quot;Status&quot;,&quot;tableId&quot;:&quot;ce32a89c7e4b&quot;}},&quot;operand2&quot;:{&quot;value&quot;:{&quot;type&quot;:&quot;static&quot;,&quot;value&quot;:&quot;Pending&quot;}},&quot;operator&quot;:&quot;equals&quot;}]}}}],&quot;format&quot;:{&quot;type&quot;:&quot;whole-number&quot;}}]}}\" data-shape=\"{&quot;type&quot;:&quot;static&quot;,&quot;value&quot;:&quot;Circle&quot;}\" class=\"\" data-display-condition=\"{&quot;type&quot;:&quot;condition&quot;,&quot;condition&quot;:{&quot;id&quot;:&quot;&quot;,&quot;name&quot;:&quot;&quot;,&quot;rule&quot;:&quot;and&quot;,&quot;criteria&quot;:[]}}\" data-label=\"{&quot;type&quot;:&quot;static&quot;,&quot;value&quot;:&quot;&quot;}\"></zyllio-progress><zyllio-text style=\"--horizontal-align: start; --vertical-align: flex-start; --text-decoration: none; --font-size: var(--theme-font-size); --font-weight: normal; --font-style: normal; --color: var(--theme-text-color); --background-color: #ffffff00; --background-image: none; --padding: 0; --border-width: 0px; --border-color: rgba(0,0,0,1); --border-radius: 0px;\" id=\"574751\" data-text=\"{&quot;type&quot;:&quot;static&quot;,&quot;value&quot;:&quot;Overdue tasks&quot;}\" data-size=\"{&quot;type&quot;:&quot;static&quot;,&quot;value&quot;:&quot;Tiny&quot;}\" class=\"\"></zyllio-text><zyllio-progress style=\"--icon1: '\\f2fc';--color: var(--theme-text-color);--background-color: var(--theme-tertiary-color);--fill-color: var(--theme-secondary-color);\" id=\"180712\" data-value=\"{&quot;type&quot;:&quot;formula&quot;,&quot;formula&quot;:{&quot;values&quot;:[{&quot;id&quot;:&quot;count-rows&quot;,&quot;name&quot;:&quot;Count rows&quot;,&quot;properties&quot;:[{&quot;id&quot;:&quot;table&quot;,&quot;name&quot;:&quot;Table&quot;,&quot;value&quot;:{&quot;type&quot;:&quot;table&quot;,&quot;tableId&quot;:&quot;ce32a89c7e4b&quot;}},{&quot;id&quot;:&quot;filter&quot;,&quot;name&quot;:&quot;Filter&quot;,&quot;value&quot;:{&quot;type&quot;:&quot;static&quot;,&quot;value&quot;:&quot;&quot;,&quot;tableId&quot;:&quot;ce32a89c7e4b&quot;,&quot;filter&quot;:{&quot;id&quot;:&quot;&quot;,&quot;name&quot;:&quot;&quot;,&quot;rule&quot;:&quot;and&quot;,&quot;criteria&quot;:[{&quot;operand1&quot;:{&quot;value&quot;:{&quot;type&quot;:&quot;column&quot;,&quot;columnName&quot;:&quot;Responsible&quot;,&quot;tableId&quot;:&quot;ce32a89c7e4b&quot;}},&quot;operand2&quot;:{&quot;value&quot;:{&quot;type&quot;:&quot;row-column-variable&quot;,&quot;columnVariable&quot;:{&quot;name&quot;:&quot;User&quot;,&quot;field&quot;:&quot;Email&quot;}}},&quot;operator&quot;:&quot;equals&quot;},{&quot;operand1&quot;:{&quot;value&quot;:{&quot;type&quot;:&quot;column&quot;,&quot;columnName&quot;:&quot;Status&quot;,&quot;tableId&quot;:&quot;ce32a89c7e4b&quot;}},&quot;operand2&quot;:{&quot;value&quot;:{&quot;type&quot;:&quot;static&quot;,&quot;value&quot;:&quot;Done&quot;}},&quot;operator&quot;:&quot;equals&quot;},{&quot;operand1&quot;:{&quot;value&quot;:{&quot;type&quot;:&quot;column&quot;,&quot;columnName&quot;:&quot;Delay&quot;,&quot;tableId&quot;:&quot;ce32a89c7e4b&quot;}},&quot;operand2&quot;:{&quot;value&quot;:{&quot;type&quot;:&quot;static&quot;,&quot;value&quot;:&quot;0&quot;}},&quot;operator&quot;:&quot;smaller-than&quot;}]}}}],&quot;format&quot;:{&quot;type&quot;:&quot;whole-number&quot;}}]}}\" data-maximum=\"{&quot;type&quot;:&quot;formula&quot;,&quot;formula&quot;:{&quot;values&quot;:[{&quot;id&quot;:&quot;count-rows&quot;,&quot;name&quot;:&quot;Count rows&quot;,&quot;properties&quot;:[{&quot;id&quot;:&quot;table&quot;,&quot;name&quot;:&quot;Table&quot;,&quot;value&quot;:{&quot;type&quot;:&quot;table&quot;,&quot;tableId&quot;:&quot;ce32a89c7e4b&quot;}},{&quot;id&quot;:&quot;filter&quot;,&quot;name&quot;:&quot;Filter&quot;,&quot;value&quot;:{&quot;type&quot;:&quot;static&quot;,&quot;value&quot;:&quot;&quot;,&quot;tableId&quot;:&quot;ce32a89c7e4b&quot;,&quot;filter&quot;:{&quot;id&quot;:&quot;&quot;,&quot;name&quot;:&quot;&quot;,&quot;rule&quot;:&quot;and&quot;,&quot;criteria&quot;:[{&quot;operand1&quot;:{&quot;value&quot;:{&quot;type&quot;:&quot;column&quot;,&quot;columnName&quot;:&quot;Responsible&quot;,&quot;tableId&quot;:&quot;ce32a89c7e4b&quot;}},&quot;operand2&quot;:{&quot;value&quot;:{&quot;type&quot;:&quot;row-column-variable&quot;,&quot;columnVariable&quot;:{&quot;name&quot;:&quot;User&quot;,&quot;field&quot;:&quot;Email&quot;}}},&quot;operator&quot;:&quot;equals&quot;},{&quot;operand1&quot;:{&quot;value&quot;:{&quot;type&quot;:&quot;column&quot;,&quot;columnName&quot;:&quot;Status&quot;,&quot;tableId&quot;:&quot;ce32a89c7e4b&quot;}},&quot;operand2&quot;:{&quot;value&quot;:{&quot;type&quot;:&quot;static&quot;,&quot;value&quot;:&quot;Pending&quot;}},&quot;operator&quot;:&quot;equals&quot;}]}}}],&quot;format&quot;:{&quot;type&quot;:&quot;whole-number&quot;}}]}}\" data-shape=\"{&quot;type&quot;:&quot;static&quot;,&quot;value&quot;:&quot;Circle&quot;}\" class=\"\"></zyllio-progress>","top":1320,"left":2010,"styles":[{"id":"display","value":"flex"},{"id":"flex-direction","value":"column"},{"id":"gap","value":"0px"},{"id":"width","value":"360px"},{"id":"height","value":"811px"},{"id":"background-color","value":"var(--theme-background-color)"},{"id":"background-image","value":"url('./api/applications/77bd958cb90c/assets/background2.png')"},{"id":"background-repeat","value":"no-repeat"},{"id":"icon","value":"'\\f2b3'"}],"isFirst":false},{"id":"1","label":"Splash","htmlContent":"<zyllio-text style=\"--horizontal-align: start;--vertical-align: flex-start;--text-decoration: none;--font-size: 20px;--font-weight: normal;--font-style: normal;--color: var(--theme-text-color);--background-color: #ffffff00;--background-image: none;--padding: 0;--border-width: 0px;--border-color: rgba(0,0,0,1);--border-radius: 0px;\" id=\"032132\" data-text=\"{&quot;type&quot;:&quot;static&quot;,&quot;value&quot;:&quot;&quot;}\" data-size=\"{&quot;type&quot;:&quot;static&quot;,&quot;value&quot;:&quot;Tiny&quot;}\" class=\"\"></zyllio-text><zyllio-image style=\"--background-color: rgba(0,0,0,0);--padding: 0;\" id=\"768677\" data-image=\"{&quot;type&quot;:&quot;static&quot;,&quot;value&quot;:&quot;./api/applications/77bd958cb90c/assets/big-logo.png&quot;}\" data-size=\"{&quot;type&quot;:&quot;static&quot;,&quot;value&quot;:&quot;Medium&quot;}\" data-profile=\"{&quot;type&quot;:&quot;static&quot;,&quot;value&quot;:&quot;false&quot;}\" data-action=\"{&quot;type&quot;:&quot;action&quot;,&quot;actionFlow&quot;:{&quot;id&quot;:&quot;&quot;,&quot;firstStepId&quot;:&quot;&quot;,&quot;actionSteps&quot;:[]}}\" class=\"\"></zyllio-image><zyllio-text style=\"--horizontal-align: center;--vertical-align: center;--text-decoration: none;--font-size: 26px;--font-weight: normal;--font-style: normal;--color: rgba(255,255,255,1);--background-color: #ffffff00;--background-image: none;--padding: 0;--border-width: 0px;--border-color: rgba(0,0,0,1);--border-radius: 0px;\" id=\"542716\" data-text=\"{&quot;type&quot;:&quot;static&quot;,&quot;value&quot;:&quot;Best way to communicate and track tasks within <br>a teamwork &quot;}\" data-size=\"{&quot;type&quot;:&quot;static&quot;,&quot;value&quot;:&quot;Medium&quot;}\" class=\"\" data-display-condition=\"{&quot;type&quot;:&quot;condition&quot;,&quot;condition&quot;:{&quot;rule&quot;:&quot;and&quot;,&quot;criteria&quot;:[]}}\"></zyllio-text><zyllio-button style=\"--button-width: 260px; --icon1: ; --icon2: ; --horizontal-align: center; --vertical-align: center; --text-decoration: none; --font-size: var(--theme-font-size); --font-weight: normal; --font-style: normal; --color: var(--theme-secondary-text-color); --background-color: var(--theme-secondary-color); --background-image: none; --border-width: 0px; --border-color: rgba(0,0,0,1); --border-radius: 25px; --box-shadow: 0 3px 1px -2px rgba(0,0,0,0.2),0 2px 2px 0 rgba(0,0,0,0.14),0 1px 5px 0 rgba(0,0,0,0.12);\" id=\"949357\" data-display-condition=\"{&quot;type&quot;:&quot;display-condition&quot;,&quot;condition&quot;:{&quot;id&quot;:&quot;&quot;,&quot;name&quot;:&quot;&quot;,&quot;rule&quot;:&quot;and&quot;,&quot;criteria&quot;:[]}}\" data-text=\"{&quot;type&quot;:&quot;static&quot;,&quot;value&quot;:&quot;ENTER&quot;}\" data-action=\"{&quot;type&quot;:&quot;action&quot;,&quot;actionFlow&quot;:{&quot;id&quot;:&quot;&quot;,&quot;firstStepId&quot;:&quot;&quot;,&quot;actionSteps&quot;:[]}}\" class=\"\" transition=\"5\"></zyllio-button>","top":80,"left":150,"styles":[{"id":"display","value":"flex"},{"id":"flex-direction","value":"column"},{"id":"gap","value":"0px"},{"id":"width","value":"360px"},{"id":"height","value":"780px"},{"id":"background-color","value":"var(--theme-background-color)"},{"id":"background-image","value":"url('./api/applications/77bd958cb90c/assets/background.png')"},{"id":"background-repeat","value":"no-repeat"},{"id":"icon","value":""}],"isFirst":true},{"id":"11","label":"Task details","htmlContent":"<zyllio-header style=\"--icon1: '\\f2ca'; --icon2: '\\f217'; --horizontal-align: center; --vertical-align: center; --text-decoration: none; --font-size: var(--theme-font-size); --font-weight: normal; --font-style: normal; --color: var(--theme-primary-text-color); --background-color: var(--theme-primary-color); --border-width: 0px; --border-color: rgba(0,0,0,1); --border-radius: 0px;\" id=\"929031\" data-text=\"{&quot;type&quot;:&quot;static&quot;,&quot;value&quot;:&quot;Task details&quot;}\" data-display-button=\"{&quot;type&quot;:&quot;static&quot;,&quot;value&quot;:&quot;false&quot;}\" data-action=\"{&quot;type&quot;:&quot;action&quot;,&quot;actionFlow&quot;:{&quot;id&quot;:&quot;&quot;,&quot;firstStepId&quot;:&quot;&quot;,&quot;actionSteps&quot;:[]}}\" class=\"\" data-display-condition=\"{&quot;type&quot;:&quot;condition&quot;,&quot;condition&quot;:{&quot;id&quot;:&quot;&quot;,&quot;name&quot;:&quot;&quot;,&quot;rule&quot;:&quot;and&quot;,&quot;criteria&quot;:[]}}\"></zyllio-header><zyllio-text style=\"--horizontal-align: start;--vertical-align: flex-start;--text-decoration: none;--font-size: 20px;--font-weight: normal;--font-style: normal;--color: var(--theme-text-color);--background-color: #ffffff00;--background-image: none;--padding: 0;--border-width: 0px;--border-color: rgba(0,0,0,1);--border-radius: 0px;\" id=\"307701\" data-text=\"{&quot;type&quot;:&quot;static&quot;,&quot;value&quot;:&quot;&quot;}\" data-size=\"{&quot;type&quot;:&quot;static&quot;,&quot;value&quot;:&quot;Tiny&quot;}\" class=\"\"></zyllio-text><zyllio-label-text style=\"--horizontal-align: start; --vertical-align: flex-start; --text-decoration: none; --font-size: var(--theme-font-size); --font-weight: normal; --font-style: normal; --color: var(--theme-text-color); --background-color: #ffffff00; --background-image: none; --padding: 0; --border-width: 0px; --border-color: rgba(0,0,0,1); --border-radius: 0px;\" id=\"754695\" data-text=\"{&quot;type&quot;:&quot;row-column-variable&quot;,&quot;columnVariable&quot;:{&quot;name&quot;:&quot;My tasks&quot;,&quot;field&quot;:&quot;Name&quot;}}\" data-size=\"{&quot;type&quot;:&quot;static&quot;,&quot;value&quot;:&quot;Tiny&quot;}\" data-label=\"{&quot;type&quot;:&quot;static&quot;,&quot;value&quot;:&quot;&quot;}\" class=\"\"></zyllio-label-text><zyllio-label-text style=\"--horizontal-align: start; --vertical-align: flex-start; --text-decoration: none; --font-size: var(--theme-font-size); --font-weight: normal; --font-style: normal; --color: var(--theme-text-color); --background-color: #ffffff00; --background-image: none; --padding: 0; --border-width: 0px; --border-color: rgba(0,0,0,1); --border-radius: 0px;\" id=\"685376\" data-text=\"{&quot;type&quot;:&quot;row-column-variable&quot;,&quot;columnVariable&quot;:{&quot;name&quot;:&quot;My tasks&quot;,&quot;field&quot;:&quot;Date&quot;}}\" data-size=\"{&quot;type&quot;:&quot;static&quot;,&quot;value&quot;:&quot;Tiny&quot;}\" data-label=\"{&quot;type&quot;:&quot;static&quot;,&quot;value&quot;:&quot;&quot;}\" class=\"\"></zyllio-label-text><zyllio-contact-email style=\"--background-color: #ffffff00; --color: var(--theme-text-color); --button-border-radius: 25px; --button-background-color: #6b215b; --button-box-shadow: 0 3px 1px -2px rgba(0,0,0,0.2),0 2px 2px 0 rgba(0,0,0,0.14),0 1px 5px 0 rgba(0,0,0,0.12);\" id=\"638898\" data-display-condition=\"{&quot;type&quot;:&quot;condition&quot;,&quot;condition&quot;:{&quot;id&quot;:&quot;&quot;,&quot;name&quot;:&quot;&quot;,&quot;rule&quot;:&quot;and&quot;,&quot;criteria&quot;:[]}}\" data-reference=\"{&quot;type&quot;:&quot;row-column-variable&quot;,&quot;columnVariable&quot;:{&quot;field&quot;:&quot;Requester&quot;,&quot;name&quot;:&quot;My tasks&quot;}}\" data-label=\"{&quot;type&quot;:&quot;static&quot;,&quot;value&quot;:&quot;&quot;}\" data-hide-reference=\"{&quot;type&quot;:&quot;static&quot;,&quot;value&quot;:&quot;false&quot;}\" class=\"\"></zyllio-contact-email><zyllio-contact-email style=\"--background-color: #ffffff00; --color: var(--theme-text-color); --button-border-radius: 25px; --button-background-color: #6b215b; --button-box-shadow: 0 3px 1px -2px rgba(0,0,0,0.2),0 2px 2px 0 rgba(0,0,0,0.14),0 1px 5px 0 rgba(0,0,0,0.12);\" id=\"309523\" data-display-condition=\"{&quot;type&quot;:&quot;condition&quot;,&quot;condition&quot;:{&quot;id&quot;:&quot;&quot;,&quot;name&quot;:&quot;&quot;,&quot;rule&quot;:&quot;and&quot;,&quot;criteria&quot;:[]}}\" data-reference=\"{&quot;type&quot;:&quot;row-column-variable&quot;,&quot;columnVariable&quot;:{&quot;field&quot;:&quot;Responsible&quot;,&quot;name&quot;:&quot;My tasks&quot;}}\" data-label=\"{&quot;type&quot;:&quot;static&quot;,&quot;value&quot;:&quot;&quot;}\" data-hide-reference=\"{&quot;type&quot;:&quot;static&quot;,&quot;value&quot;:&quot;false&quot;}\" class=\"\"></zyllio-contact-email><zyllio-label-text style=\"--horizontal-align: start; --vertical-align: flex-start; --text-decoration: none; --font-size: var(--theme-font-size); --font-weight: normal; --font-style: normal; --color: var(--theme-text-color); --background-color: #ffffff00; --background-image: none; --padding: 0; --border-width: 0px; --border-color: rgba(0,0,0,1); --border-radius: 0px;\" id=\"806806\" data-text=\"{&quot;type&quot;:&quot;row-column-variable&quot;,&quot;columnVariable&quot;:{&quot;name&quot;:&quot;My tasks&quot;,&quot;field&quot;:&quot;Due date&quot;}}\" data-size=\"{&quot;type&quot;:&quot;static&quot;,&quot;value&quot;:&quot;Tiny&quot;}\" data-label=\"{&quot;type&quot;:&quot;static&quot;,&quot;value&quot;:&quot;&quot;}\" class=\"\"></zyllio-label-text><zyllio-label-text style=\"--horizontal-align: start; --vertical-align: flex-start; --text-decoration: none; --font-size: var(--theme-font-size); --font-weight: normal; --font-style: normal; --color: var(--theme-text-color); --background-color: #ffffff00; --background-image: none; --padding: 0; --border-width: 0px; --border-color: rgba(0,0,0,1); --border-radius: 0px;\" id=\"592575\" data-text=\"{&quot;type&quot;:&quot;row-column-variable&quot;,&quot;columnVariable&quot;:{&quot;name&quot;:&quot;My tasks&quot;,&quot;field&quot;:&quot;Description&quot;}}\" data-size=\"{&quot;type&quot;:&quot;static&quot;,&quot;value&quot;:&quot;Tiny&quot;}\" data-label=\"{&quot;type&quot;:&quot;static&quot;,&quot;value&quot;:&quot;&quot;}\" class=\"\"></zyllio-label-text><zyllio-label-text style=\"--horizontal-align: start; --vertical-align: flex-start; --text-decoration: none; --font-size: var(--theme-font-size); --font-weight: normal; --font-style: normal; --color: var(--theme-text-color); --background-color: #ffffff00; --background-image: none; --padding: 0; --border-width: 0px; --border-color: rgba(0,0,0,1); --border-radius: 0px;\" id=\"924670\" data-text=\"{&quot;type&quot;:&quot;row-column-variable&quot;,&quot;columnVariable&quot;:{&quot;name&quot;:&quot;My tasks&quot;,&quot;field&quot;:&quot;Status&quot;}}\" data-size=\"{&quot;type&quot;:&quot;static&quot;,&quot;value&quot;:&quot;Tiny&quot;}\" data-label=\"{&quot;type&quot;:&quot;static&quot;,&quot;value&quot;:&quot;&quot;}\" class=\"\"></zyllio-label-text><zyllio-button style=\"--button-width: 260px; --icon1: ; --icon2: ; --horizontal-align: center; --vertical-align: center; --text-decoration: none; --font-size: var(--theme-font-size); --font-weight: normal; --font-style: normal; --color: var(--theme-secondary-text-color); --background-color: var(--theme-secondary-color); --background-image: none; --border-width: 0px; --border-color: rgba(0,0,0,1); --border-radius: 25px; --box-shadow: 0 3px 1px -2px rgba(0,0,0,0.2),0 2px 2px 0 rgba(0,0,0,0.14),0 1px 5px 0 rgba(0,0,0,0.12);\" id=\"473235\" data-display-condition=\"{&quot;type&quot;:&quot;condition&quot;,&quot;condition&quot;:{&quot;id&quot;:&quot;&quot;,&quot;name&quot;:&quot;&quot;,&quot;rule&quot;:&quot;and&quot;,&quot;criteria&quot;:[{&quot;operand1&quot;:{&quot;value&quot;:{&quot;type&quot;:&quot;row-column-variable&quot;,&quot;columnVariable&quot;:{&quot;name&quot;:&quot;My tasks&quot;,&quot;field&quot;:&quot;Status&quot;}}},&quot;operand2&quot;:{&quot;value&quot;:{&quot;type&quot;:&quot;static&quot;,&quot;value&quot;:&quot;Pending&quot;}},&quot;operator&quot;:&quot;equals&quot;}]}}\" data-text=\"{&quot;type&quot;:&quot;static&quot;,&quot;value&quot;:&quot;Update&quot;}\" data-action=\"{&quot;type&quot;:&quot;action&quot;,&quot;actionFlow&quot;:{&quot;id&quot;:&quot;&quot;,&quot;firstStepId&quot;:&quot;&quot;,&quot;actionSteps&quot;:[]}}\" class=\"\" transition=\"9\"></zyllio-button>","top":80,"left":1540,"styles":[{"id":"display","value":"flex"},{"id":"flex-direction","value":"column"},{"id":"gap","value":"0px"},{"id":"width","value":"360px"},{"id":"height","value":"739px"},{"id":"background-color","value":"var(--theme-background-color)"},{"id":"background-image","value":"url('./api/applications/77bd958cb90c/assets/background2.png')"},{"id":"background-repeat","value":"no-repeat"},{"id":"icon","value":""}],"isFirst":false},{"id":"9","label":"Update task","htmlContent":"<zyllio-header style=\"--icon1: '\\f2ca'; --icon2: '\\f121'; --horizontal-align: center; --vertical-align: center; --text-decoration: none; --font-size: var(--theme-font-size); --font-weight: normal; --font-style: normal; --color: var(--theme-primary-text-color); --background-color: var(--theme-primary-color); --border-width: 0px; --border-color: rgba(0,0,0,1); --border-radius: 0px;\" id=\"734167\" data-text=\"{&quot;type&quot;:&quot;row-column-variable&quot;,&quot;columnVariable&quot;:{&quot;name&quot;:&quot;My tasks&quot;,&quot;field&quot;:&quot;Name&quot;}}\" data-display-button=\"{&quot;type&quot;:&quot;static&quot;,&quot;value&quot;:&quot;true&quot;}\" data-action=\"{&quot;type&quot;:&quot;action&quot;,&quot;actionFlow&quot;:{&quot;id&quot;:&quot;&quot;,&quot;firstStepId&quot;:&quot;1&quot;,&quot;actionSteps&quot;:[{&quot;action&quot;:{&quot;id&quot;:&quot;update-selected-row&quot;,&quot;name&quot;:&quot;Update a selected row&quot;,&quot;properties&quot;:[{&quot;id&quot;:&quot;rows&quot;,&quot;name&quot;:&quot;Selection&quot;,&quot;value&quot;:{&quot;type&quot;:&quot;table-row&quot;,&quot;variableName&quot;:&quot;Own tasks&quot;,&quot;tableId&quot;:&quot;32541bfe2fd3&quot;,&quot;properties&quot;:[{&quot;id&quot;:&quot;Id&quot;,&quot;name&quot;:&quot;Id&quot;,&quot;value&quot;:{&quot;type&quot;:&quot;row-column-variable&quot;,&quot;columnVariable&quot;:{&quot;name&quot;:&quot;Own tasks&quot;,&quot;field&quot;:&quot;Id&quot;}}},{&quot;id&quot;:&quot;Name&quot;,&quot;name&quot;:&quot;Name&quot;,&quot;value&quot;:{&quot;type&quot;:&quot;row-column-variable&quot;,&quot;columnVariable&quot;:{&quot;name&quot;:&quot;Own tasks&quot;,&quot;field&quot;:&quot;Name&quot;}}},{&quot;id&quot;:&quot;Requester&quot;,&quot;name&quot;:&quot;Requester&quot;,&quot;value&quot;:{&quot;type&quot;:&quot;row-column-variable&quot;,&quot;columnVariable&quot;:{&quot;name&quot;:&quot;Own tasks&quot;,&quot;field&quot;:&quot;Requester&quot;}}},{&quot;id&quot;:&quot;Responsible&quot;,&quot;name&quot;:&quot;Responsible&quot;,&quot;value&quot;:{&quot;type&quot;:&quot;row-column-variable&quot;,&quot;columnVariable&quot;:{&quot;name&quot;:&quot;Own tasks&quot;,&quot;field&quot;:&quot;Responsible&quot;}}},{&quot;id&quot;:&quot;Date&quot;,&quot;name&quot;:&quot;Date&quot;,&quot;value&quot;:{&quot;type&quot;:&quot;row-column-variable&quot;,&quot;columnVariable&quot;:{&quot;name&quot;:&quot;Own tasks&quot;,&quot;field&quot;:&quot;Date&quot;}}},{&quot;id&quot;:&quot;Description&quot;,&quot;name&quot;:&quot;Description&quot;,&quot;value&quot;:{&quot;type&quot;:&quot;row-column-variable&quot;,&quot;columnVariable&quot;:{&quot;name&quot;:&quot;Own tasks&quot;,&quot;field&quot;:&quot;Description&quot;}}},{&quot;id&quot;:&quot;Attached file&quot;,&quot;name&quot;:&quot;Attached file&quot;,&quot;value&quot;:{&quot;type&quot;:&quot;row-column-variable&quot;,&quot;columnVariable&quot;:{&quot;name&quot;:&quot;Own tasks&quot;,&quot;field&quot;:&quot;Attached file&quot;}}},{&quot;id&quot;:&quot;Due date&quot;,&quot;name&quot;:&quot;Due date&quot;,&quot;value&quot;:{&quot;type&quot;:&quot;row-column-variable&quot;,&quot;columnVariable&quot;:{&quot;name&quot;:&quot;Own tasks&quot;,&quot;field&quot;:&quot;Due date&quot;}}},{&quot;id&quot;:&quot;Status&quot;,&quot;name&quot;:&quot;Status&quot;,&quot;value&quot;:{&quot;type&quot;:&quot;row-column-variable&quot;,&quot;columnVariable&quot;:{&quot;name&quot;:&quot;Own tasks&quot;,&quot;field&quot;:&quot;Status&quot;}}}]}}]},&quot;id&quot;:&quot;1&quot;,&quot;transitions&quot;:[{&quot;id&quot;:&quot;complete&quot;}]}]}}\" class=\"\"></zyllio-header><zyllio-text style=\"--horizontal-align: start;--vertical-align: flex-start;--text-decoration: none;--font-size: 20px;--font-weight: normal;--font-style: normal;--color: var(--theme-text-color);--background-color: #ffffff00;--background-image: none;--padding: 0;--border-width: 0px;--border-color: rgba(0,0,0,1);--border-radius: 0px;\" id=\"042454\" data-text=\"{&quot;type&quot;:&quot;static&quot;,&quot;value&quot;:&quot;&quot;}\" data-size=\"{&quot;type&quot;:&quot;static&quot;,&quot;value&quot;:&quot;Tiny&quot;}\" class=\"\"></zyllio-text><zyllio-button style=\"--button-width: 260px; --icon1: ; --icon2: ; --horizontal-align: center; --vertical-align: center; --text-decoration: none; --font-size: var(--theme-font-size); --font-weight: normal; --font-style: normal; --color: var(--theme-secondary-text-color); --background-color: var(--theme-secondary-color); --background-image: none; --border-width: 0px; --border-color: rgba(0,0,0,1); --border-radius: 25px; --box-shadow: 0 3px 1px -2px rgba(0,0,0,0.2),0 2px 2px 0 rgba(0,0,0,0.14),0 1px 5px 0 rgba(0,0,0,0.12);\" id=\"912311\" data-display-condition=\"{&quot;type&quot;:&quot;display-condition&quot;,&quot;condition&quot;:{&quot;id&quot;:&quot;&quot;,&quot;name&quot;:&quot;&quot;,&quot;rule&quot;:&quot;and&quot;,&quot;criteria&quot;:[]}}\" data-text=\"{&quot;type&quot;:&quot;static&quot;,&quot;value&quot;:&quot;Cancel task&quot;}\" data-action=\"{&quot;type&quot;:&quot;action&quot;,&quot;actionFlow&quot;:{&quot;id&quot;:&quot;&quot;,&quot;firstStepId&quot;:&quot;1&quot;,&quot;actionSteps&quot;:[{&quot;action&quot;:{&quot;id&quot;:&quot;update-selected-row&quot;,&quot;name&quot;:&quot;Update a selected row&quot;,&quot;properties&quot;:[{&quot;id&quot;:&quot;rows&quot;,&quot;name&quot;:&quot;Selection&quot;,&quot;value&quot;:{&quot;type&quot;:&quot;table-row&quot;,&quot;variableName&quot;:&quot;My tasks&quot;,&quot;properties&quot;:[{&quot;id&quot;:&quot;Id&quot;,&quot;name&quot;:&quot;Id&quot;,&quot;value&quot;:{&quot;type&quot;:&quot;row-column-variable&quot;,&quot;columnVariable&quot;:{&quot;name&quot;:&quot;My tasks&quot;,&quot;field&quot;:&quot;Id&quot;}}},{&quot;id&quot;:&quot;Name&quot;,&quot;name&quot;:&quot;Name&quot;,&quot;value&quot;:{&quot;type&quot;:&quot;row-column-variable&quot;,&quot;columnVariable&quot;:{&quot;name&quot;:&quot;My tasks&quot;,&quot;field&quot;:&quot;Name&quot;}}},{&quot;id&quot;:&quot;Date&quot;,&quot;name&quot;:&quot;Date&quot;,&quot;value&quot;:{&quot;type&quot;:&quot;row-column-variable&quot;,&quot;columnVariable&quot;:{&quot;name&quot;:&quot;My tasks&quot;,&quot;field&quot;:&quot;Date&quot;}}},{&quot;id&quot;:&quot;Requester&quot;,&quot;name&quot;:&quot;Requester&quot;,&quot;value&quot;:{&quot;type&quot;:&quot;row-column-variable&quot;,&quot;columnVariable&quot;:{&quot;name&quot;:&quot;My tasks&quot;,&quot;field&quot;:&quot;Requester&quot;}}},{&quot;id&quot;:&quot;Responsible&quot;,&quot;name&quot;:&quot;Responsible&quot;,&quot;value&quot;:{&quot;type&quot;:&quot;row-column-variable&quot;,&quot;columnVariable&quot;:{&quot;name&quot;:&quot;My tasks&quot;,&quot;field&quot;:&quot;Responsible&quot;}}},{&quot;id&quot;:&quot;Due date&quot;,&quot;name&quot;:&quot;Due date&quot;,&quot;value&quot;:{&quot;type&quot;:&quot;row-column-variable&quot;,&quot;columnVariable&quot;:{&quot;name&quot;:&quot;My tasks&quot;,&quot;field&quot;:&quot;Due date&quot;}}},{&quot;id&quot;:&quot;Description&quot;,&quot;name&quot;:&quot;Description&quot;,&quot;value&quot;:{&quot;type&quot;:&quot;row-column-variable&quot;,&quot;columnVariable&quot;:{&quot;name&quot;:&quot;My tasks&quot;,&quot;field&quot;:&quot;Description&quot;}}},{&quot;id&quot;:&quot;Delay&quot;,&quot;name&quot;:&quot;Delay&quot;,&quot;value&quot;:{&quot;type&quot;:&quot;row-column-variable&quot;,&quot;columnVariable&quot;:{&quot;name&quot;:&quot;My tasks&quot;,&quot;field&quot;:&quot;Delay&quot;}}},{&quot;id&quot;:&quot;Attached file&quot;,&quot;name&quot;:&quot;Attached file&quot;,&quot;value&quot;:{&quot;type&quot;:&quot;row-column-variable&quot;,&quot;columnVariable&quot;:{&quot;name&quot;:&quot;My tasks&quot;,&quot;field&quot;:&quot;Attached file&quot;}}},{&quot;id&quot;:&quot;Status&quot;,&quot;name&quot;:&quot;Status&quot;,&quot;value&quot;:{&quot;type&quot;:&quot;static&quot;,&quot;value&quot;:&quot;Cancelled&quot;}}],&quot;tableId&quot;:&quot;ce32a89c7e4b&quot;}}]},&quot;id&quot;:&quot;1&quot;,&quot;transitions&quot;:[{&quot;id&quot;:&quot;complete&quot;,&quot;next&quot;:&quot;2&quot;}]},{&quot;action&quot;:{&quot;id&quot;:&quot;goback&quot;,&quot;name&quot;:&quot;Go back&quot;,&quot;properties&quot;:[]},&quot;id&quot;:&quot;2&quot;,&quot;transitions&quot;:[{&quot;id&quot;:&quot;complete&quot;}]}]}}\" class=\"\"></zyllio-button><zyllio-form-dropdown style=\"--font-size: var(--theme-font-size); --list-font-size: var(--theme-font-size); --list-color: var(--theme-tertiary-text-color); --color: var(--theme-tertiary-text-color); --list-selected-color: var(--theme-secondary-text-color); --background-color: var(--theme-tertiary-color); --list-selected-background-color: var(--theme-secondary-color); --list-background-color: var(--theme-tertiary-color); --border-width: 0px; --border-color: #000000; --border-radius: 0px; --list-border-radius: 10px; --list-item-height: 54px;\" id=\"362106\" data-value=\"{&quot;type&quot;:&quot;row-column-variable&quot;,&quot;tableId&quot;:&quot;5316d727ae0b&quot;,&quot;columnVariable&quot;:{&quot;name&quot;:&quot;My tasks&quot;,&quot;field&quot;:&quot;Responsible&quot;},&quot;variableName&quot;:&quot;Users2&quot;}\" data-required=\"{&quot;type&quot;:&quot;static&quot;,&quot;value&quot;:&quot;true&quot;}\" data-table=\"{&quot;type&quot;:&quot;table&quot;,&quot;tableId&quot;:&quot;5316d727ae0b&quot;}\" data-title=\"{&quot;type&quot;:&quot;column&quot;,&quot;tableId&quot;:&quot;5316d727ae0b&quot;,&quot;columnName&quot;:&quot;Name&quot;}\" data-subtitle=\"{&quot;type&quot;:&quot;column&quot;,&quot;tableId&quot;:&quot;5316d727ae0b&quot;,&quot;columnName&quot;:&quot;&quot;}\" data-image=\"{&quot;type&quot;:&quot;column&quot;,&quot;tableId&quot;:&quot;5316d727ae0b&quot;,&quot;columnName&quot;:&quot;Profile&quot;}\" data-filter=\"{&quot;type&quot;:&quot;filter&quot;,&quot;tableId&quot;:&quot;5316d727ae0b&quot;,&quot;filter&quot;:{&quot;id&quot;:&quot;&quot;,&quot;name&quot;:&quot;&quot;,&quot;rule&quot;:&quot;and&quot;,&quot;criteria&quot;:[]}}\" data-sort=\"{&quot;type&quot;:&quot;sort&quot;,&quot;tableId&quot;:&quot;5316d727ae0b&quot;,&quot;columnName&quot;:&quot;&quot;,&quot;asc&quot;:true}\" data-max-items=\"{&quot;type&quot;:&quot;static&quot;,&quot;value&quot;:&quot;30&quot;}\" data-profile=\"{&quot;type&quot;:&quot;static&quot;,&quot;value&quot;:&quot;false&quot;}\" class=\"\" data-label=\"{&quot;type&quot;:&quot;static&quot;,&quot;value&quot;:&quot;New responsible&quot;}\"></zyllio-form-dropdown><zyllio-button style=\"--button-width: 260px; --icon1: ; --icon2: ; --horizontal-align: center; --vertical-align: center; --text-decoration: none; --font-size: var(--theme-font-size); --font-weight: normal; --font-style: normal; --color: var(--theme-secondary-text-color); --background-color: var(--theme-secondary-color); --background-image: none; --border-width: 0px; --border-color: rgba(0,0,0,1); --border-radius: 25px; --box-shadow: 0 3px 1px -2px rgba(0,0,0,0.2),0 2px 2px 0 rgba(0,0,0,0.14),0 1px 5px 0 rgba(0,0,0,0.12);\" id=\"300044\" data-display-condition=\"{&quot;type&quot;:&quot;display-condition&quot;,&quot;condition&quot;:{&quot;id&quot;:&quot;&quot;,&quot;name&quot;:&quot;&quot;,&quot;rule&quot;:&quot;and&quot;,&quot;criteria&quot;:[]}}\" data-text=\"{&quot;type&quot;:&quot;static&quot;,&quot;value&quot;:&quot;Re assign task&quot;}\" data-action=\"{&quot;type&quot;:&quot;action&quot;,&quot;actionFlow&quot;:{&quot;id&quot;:&quot;&quot;,&quot;firstStepId&quot;:&quot;1&quot;,&quot;actionSteps&quot;:[{&quot;action&quot;:{&quot;id&quot;:&quot;update-selected-row&quot;,&quot;name&quot;:&quot;Update a selected row&quot;,&quot;properties&quot;:[{&quot;id&quot;:&quot;rows&quot;,&quot;name&quot;:&quot;Selection&quot;,&quot;value&quot;:{&quot;type&quot;:&quot;table-row&quot;,&quot;variableName&quot;:&quot;My tasks&quot;,&quot;properties&quot;:[{&quot;id&quot;:&quot;Id&quot;,&quot;name&quot;:&quot;Id&quot;,&quot;value&quot;:{&quot;type&quot;:&quot;row-column-variable&quot;,&quot;columnVariable&quot;:{&quot;name&quot;:&quot;My tasks&quot;,&quot;field&quot;:&quot;Id&quot;}}},{&quot;id&quot;:&quot;Name&quot;,&quot;name&quot;:&quot;Name&quot;,&quot;value&quot;:{&quot;type&quot;:&quot;row-column-variable&quot;,&quot;columnVariable&quot;:{&quot;name&quot;:&quot;My tasks&quot;,&quot;field&quot;:&quot;Name&quot;}}},{&quot;id&quot;:&quot;Date&quot;,&quot;name&quot;:&quot;Date&quot;,&quot;value&quot;:{&quot;type&quot;:&quot;row-column-variable&quot;,&quot;columnVariable&quot;:{&quot;name&quot;:&quot;My tasks&quot;,&quot;field&quot;:&quot;Date&quot;}}},{&quot;id&quot;:&quot;Requester&quot;,&quot;name&quot;:&quot;Requester&quot;,&quot;value&quot;:{&quot;type&quot;:&quot;row-column-variable&quot;,&quot;columnVariable&quot;:{&quot;name&quot;:&quot;My tasks&quot;,&quot;field&quot;:&quot;Requester&quot;}}},{&quot;id&quot;:&quot;Responsible&quot;,&quot;name&quot;:&quot;Responsible&quot;,&quot;value&quot;:{&quot;type&quot;:&quot;row-column-variable&quot;,&quot;columnVariable&quot;:{&quot;field&quot;:&quot;Responsible&quot;,&quot;name&quot;:&quot;My tasks&quot;}}},{&quot;id&quot;:&quot;Due date&quot;,&quot;name&quot;:&quot;Due date&quot;,&quot;value&quot;:{&quot;type&quot;:&quot;row-column-variable&quot;,&quot;columnVariable&quot;:{&quot;name&quot;:&quot;My tasks&quot;,&quot;field&quot;:&quot;Due date&quot;}}},{&quot;id&quot;:&quot;Description&quot;,&quot;name&quot;:&quot;Description&quot;,&quot;value&quot;:{&quot;type&quot;:&quot;row-column-variable&quot;,&quot;columnVariable&quot;:{&quot;name&quot;:&quot;My tasks&quot;,&quot;field&quot;:&quot;Description&quot;}}},{&quot;id&quot;:&quot;Delay&quot;,&quot;name&quot;:&quot;Delay&quot;,&quot;value&quot;:{&quot;type&quot;:&quot;row-column-variable&quot;,&quot;columnVariable&quot;:{&quot;name&quot;:&quot;My tasks&quot;,&quot;field&quot;:&quot;Delay&quot;}}},{&quot;id&quot;:&quot;Attached file&quot;,&quot;name&quot;:&quot;Attached file&quot;,&quot;value&quot;:{&quot;type&quot;:&quot;row-column-variable&quot;,&quot;columnVariable&quot;:{&quot;name&quot;:&quot;My tasks&quot;,&quot;field&quot;:&quot;Attached file&quot;}}},{&quot;id&quot;:&quot;Status&quot;,&quot;name&quot;:&quot;Status&quot;,&quot;value&quot;:{&quot;type&quot;:&quot;row-column-variable&quot;,&quot;columnVariable&quot;:{&quot;name&quot;:&quot;My tasks&quot;,&quot;field&quot;:&quot;Status&quot;}}}],&quot;tableId&quot;:&quot;ce32a89c7e4b&quot;}}]},&quot;id&quot;:&quot;1&quot;,&quot;transitions&quot;:[{&quot;id&quot;:&quot;complete&quot;,&quot;next&quot;:&quot;2&quot;}]},{&quot;action&quot;:{&quot;id&quot;:&quot;goback&quot;,&quot;name&quot;:&quot;Go back&quot;,&quot;properties&quot;:[]},&quot;id&quot;:&quot;2&quot;,&quot;transitions&quot;:[{&quot;id&quot;:&quot;complete&quot;}]}]}}\" class=\"component-selected\"></zyllio-button>","top":80,"left":1996,"styles":[{"id":"display","value":"flex"},{"id":"flex-direction","value":"column"},{"id":"gap","value":"0px"},{"id":"width","value":"360px"},{"id":"height","value":"739px"},{"id":"background-color","value":"var(--theme-background-color)"},{"id":"background-image","value":"url('./api/applications/77bd958cb90c/assets/background2.png')"},{"id":"background-repeat","value":"no-repeat"},{"id":"icon","value":""}],"isFirst":false}],"tables":[{"id":"d9d01d79958f","name":"Follow up","type":"internal","columns":[{"name":"Task Id","type":"text","relation":{}},{"name":"Date","type":"text","relation":{}},{"name":"Comment","type":"text","relation":{}},{"name":"Picture","type":"image","relation":{}}],"position":{"top":98.42857142857144,"left":541.2857142857143}},{"id":"bcc7ff6ba4a8","name":"Status","type":"internal","columns":[{"name":"Name","type":"text","relation":{}}],"position":{"top":396,"left":540.2857142857143}},{"id":"5316d727ae0b","name":"Users","type":"internal","columns":[{"name":"Name","type":"text","relation":{}},{"name":"Email","type":"email","relation":{}},{"name":"Password","type":"password","relation":{}},{"name":"Phone number","type":"phone-number","relation":{}},{"name":"Profile","type":"image","relation":{}}],"position":{"top":97.28571428571422,"left":987.5714285714287}},{"id":"21f22c832de1","name":"Categories","type":"internal","columns":[{"name":"Name","type":"text","relation":{}},{"name":"Value","type":"text","relation":{}}],"position":{"top":577.2857142857143,"left":551.8571428571429}},{"id":"ce32a89c7e4b","name":"Tasks","type":"internal","columns":[{"name":"Id","type":"text","relation":{}},{"name":"Name","type":"text","relation":{}},{"name":"Date","type":"date","relation":{}},{"name":"Requester","type":"email","relation":{}},{"name":"Responsible","type":"email","relation":{}},{"name":"Due date","type":"date","relation":{}},{"name":"Description","type":"text","relation":{}},{"name":"Delay","type":"number","relation":{}},{"name":"Attached file","type":"file","relation":{}},{"name":"Status","type":"text","relation":{}},{"name":"Status relation","type":"relation-1","relation":{"fromColumn":"Status","toTable":"Status","toColumn":"Name"}},{"name":"Follow up relation","type":"relation-1","relation":{"fromColumn":"Id","toTable":"Follow up","toColumn":"Task Id"}}],"position":{"top":149,"left":111}},{"id":"a0c86eee944f","name":"Followers","type":"internal","columns":[{"name":"Follower","type":"email","relation":{}},{"name":"Followed person","type":"text","relation":{}}],"position":{"top":596,"left":992.4285714285713}}],"zoom":0.7000000000000001,"plugins":{"plugins":[]},"theme":{"primaryColor":"rgba(22,72,133,0)","primaryTextColor":"#ffffff","secondaryColor":"rgba(51,32,109,1)","secondaryTextColor":"#ffffff","tertiaryColor":"#0000000a","tertiaryTextColor":"#000000","backgroundColor":"#ffffff","textColor":"#000000","rtl":false,"fontFamily":"Roboto","fontSize":"16px"},"security":{"apiKey":"3968a8f39894m6bd0818b2fd47hll18peokc"},"settings":{"pwa":{"url":"https://zyllio.app/apps/77bd958cb90c/"},"native":{"appId":"blank","appName":"blank","appVersion":1028},"zapier":{"enabled":false,"apiKey":"3968a8f39894hbfo0k8ecka8dhejpmdol0l"},"airtable":{"enabled":false,"apiKey":"","database":"","token":""},"stripe":{"enabled":false,"token":"","publicKey":"","production":false,"currency":"USD"},"integromat":{"enabled":false,"apiKey":"29e30a268e98iengha7jd2plabin1f6hb"},"notion":{"enabled":false,"apiKey":"","database":""},"spreadsheet":{"enabled":false,"apiKey":"","database":""},"make":{"enabled":false,"apiKey":"3968a8f39894plo43klgjm686go51kahaa6l"},"twilio":{"enabled":false,"apiKey":"","account":""},"timetonic":{"enabled":false,"apiKey":"","userId":""},"gmail":{"enabled":false,"apiKey":""},"pushNotification":{"enabled":false},"customDomain":{"enabled":false,"domain":""},"rest":{"enabled":false,"configurations":[]},"openai":{"enabled":false,"apiKey":""},"offline":{"enabled":false},"googleFonts":{"enabled":false}},"cache":{"entries":{}},"host":"https://www.zyllio.one"}