{"id":"6593ebe539a9","name":"Quiz","description":"Fits for purpose to assess your audience knowledge  ","userName":"didier abder","email":"contact@zyllio.com","lastUpdated":"2024-07-08T14:48:35.454Z","screens":[{"id":"8","label":"Finish","htmlContent":"<zyllio-image style=\"--background-color: rgba(0,0,0,0);--padding: 10px;\" id=\"753708\" data-display-condition=\"{&quot;type&quot;:&quot;condition&quot;,&quot;condition&quot;:{&quot;id&quot;:&quot;&quot;,&quot;name&quot;:&quot;&quot;,&quot;rule&quot;:&quot;and&quot;,&quot;criteria&quot;:[]}}\" data-image=\"{&quot;type&quot;:&quot;static&quot;,&quot;value&quot;:&quot;./api/applications/6593ebe539a9/assets/logo.png&quot;}\" data-size=\"{&quot;type&quot;:&quot;static&quot;,&quot;value&quot;:&quot;Medium&quot;}\" data-image-layout=\"{&quot;type&quot;:&quot;static&quot;,&quot;value&quot;:&quot;Portrait&quot;}\" data-profile=\"{&quot;type&quot;:&quot;static&quot;,&quot;value&quot;:&quot;false&quot;}\" data-action=\"{&quot;type&quot;:&quot;action&quot;,&quot;actionFlow&quot;:{&quot;id&quot;:&quot;&quot;,&quot;firstStepId&quot;:&quot;&quot;,&quot;actionSteps&quot;:[]}}\" class=\"\"></zyllio-image><zyllio-text style=\"--horizontal-align: center; --vertical-align: center; --text-decoration: none; --font-size: 23px; --font-weight: normal; --font-style: normal; --color: var(--theme-text-color); --background-color: #ffffff00; --background-image: none; --padding: 0; --border-width: 0px; --border-color: rgba(0,0,0,1); --border-radius: 0px;\" id=\"574381\" data-display-condition=\"{&quot;type&quot;:&quot;condition&quot;,&quot;condition&quot;:{&quot;id&quot;:&quot;&quot;,&quot;name&quot;:&quot;&quot;,&quot;rule&quot;:&quot;and&quot;,&quot;criteria&quot;:[]}}\" data-text=\"{&quot;type&quot;:&quot;static&quot;,&quot;value&quot;:&quot;Congratulations ! &quot;}\" data-size=\"{&quot;type&quot;:&quot;static&quot;,&quot;value&quot;:&quot;Small&quot;}\" class=\"\"></zyllio-text><zyllio-statistic style=\"--icon: ; --horizontal-align: center; --vertical-align: flex-start; --font-size: 22px; --color: var(--theme-primary-text-color); --background-color: var(--theme-primary-color); --background-image: none; --padding: 10px; --border-width: 0px; --border-color: rgba(0,0,0,1); --border-radius: 10px;\" id=\"265393\" data-display-condition=\"{&quot;type&quot;:&quot;condition&quot;,&quot;condition&quot;:{&quot;id&quot;:&quot;&quot;,&quot;name&quot;:&quot;&quot;,&quot;rule&quot;:&quot;and&quot;,&quot;criteria&quot;:[]}}\" data-label=\"{&quot;type&quot;:&quot;static&quot;,&quot;value&quot;:&quot;Your score&quot;}\" data-value=\"{&quot;type&quot;:&quot;formula&quot;,&quot;formula&quot;:{&quot;values&quot;:[{&quot;id&quot;:&quot;number&quot;,&quot;name&quot;:&quot;Number&quot;,&quot;properties&quot;:[{&quot;id&quot;:&quot;number&quot;,&quot;name&quot;:&quot;Number&quot;,&quot;value&quot;:{&quot;type&quot;:&quot;simple-variable&quot;,&quot;variableName&quot;:&quot;score&quot;}}],&quot;format&quot;:{&quot;type&quot;:&quot;number&quot;,&quot;value&quot;:{&quot;decimals&quot;:&quot;0&quot;,&quot;unit&quot;:&quot;&quot;}}}]}}\" class=\"component-selected\"></zyllio-statistic><zyllio-button style=\"--button-width: 260px; --icon1: ; --icon2: ; --horizontal-align: center; --vertical-align: center; --text-decoration: none; --font-size: var(--theme-font-size); --font-weight: normal; --font-style: normal; --color: var(--theme-secondary-text-color); --background-color: rgba(22,72,133,1); --background-image: none; --border-width: 0px; --border-color: rgba(0,0,0,1); --border-radius: 25px; --box-shadow: 0 3px 1px -2px rgba(0,0,0,0.2),0 2px 2px 0 rgba(0,0,0,0.14),0 1px 5px 0 rgba(0,0,0,0.12);\" id=\"659672\" data-display-condition=\"{&quot;type&quot;:&quot;condition&quot;,&quot;condition&quot;:{&quot;id&quot;:&quot;&quot;,&quot;name&quot;:&quot;&quot;,&quot;rule&quot;:&quot;and&quot;,&quot;criteria&quot;:[]}}\" data-text=\"{&quot;type&quot;:&quot;static&quot;,&quot;value&quot;:&quot;Home&quot;}\" data-action=\"{&quot;type&quot;:&quot;action&quot;,&quot;actionFlow&quot;:{&quot;id&quot;:&quot;&quot;,&quot;firstStepId&quot;:&quot;1&quot;,&quot;actionSteps&quot;:[{&quot;action&quot;:{&quot;id&quot;:&quot;home&quot;,&quot;name&quot;:&quot;Go home&quot;,&quot;properties&quot;:[]},&quot;id&quot;:&quot;1&quot;,&quot;transitions&quot;:[{&quot;id&quot;:&quot;complete&quot;}]}]}}\" class=\"\"></zyllio-button>","top":90,"left":1179,"styles":[{"id":"display","value":"flex"},{"id":"flex-direction","value":"column"},{"id":"gap","value":"0px"},{"id":"width","value":"360px"},{"id":"height","value":"811px"},{"id":"background-color","value":"var(--theme-background-color)"},{"id":"background-image","value":"none"},{"id":"background-repeat","value":"no-repeat"},{"id":"icon","value":""}],"isFirst":false},{"id":"7","label":"Home","htmlContent":"<zyllio-image style=\"--background-color: rgba(0,0,0,0);--padding: 10px;\" id=\"971225\" data-display-condition=\"{&quot;type&quot;:&quot;condition&quot;,&quot;condition&quot;:{&quot;id&quot;:&quot;&quot;,&quot;name&quot;:&quot;&quot;,&quot;rule&quot;:&quot;and&quot;,&quot;criteria&quot;:[]}}\" data-image=\"{&quot;type&quot;:&quot;static&quot;,&quot;value&quot;:&quot;./api/applications/6593ebe539a9/assets/logo.png&quot;}\" data-size=\"{&quot;type&quot;:&quot;static&quot;,&quot;value&quot;:&quot;Small&quot;}\" data-image-layout=\"{&quot;type&quot;:&quot;static&quot;,&quot;value&quot;:&quot;Landscape&quot;}\" data-profile=\"{&quot;type&quot;:&quot;static&quot;,&quot;value&quot;:&quot;false&quot;}\" data-action=\"{&quot;type&quot;:&quot;action&quot;,&quot;actionFlow&quot;:{&quot;id&quot;:&quot;&quot;,&quot;firstStepId&quot;:&quot;&quot;,&quot;actionSteps&quot;:[]}}\" class=\"\"></zyllio-image><zyllio-text style=\"--horizontal-align: center; --vertical-align: center; --text-decoration: none; --font-size: 26px; --font-weight: normal; --font-style: normal; --color: var(--theme-text-color); --background-color: #ffffff00; --background-image: none; --padding: 0; --border-width: 0px; --border-color: rgba(0,0,0,1); --border-radius: 0px;\" id=\"305475\" data-display-condition=\"{&quot;type&quot;:&quot;condition&quot;,&quot;condition&quot;:{&quot;id&quot;:&quot;&quot;,&quot;name&quot;:&quot;&quot;,&quot;rule&quot;:&quot;and&quot;,&quot;criteria&quot;:[]}}\" data-text=\"{&quot;type&quot;:&quot;static&quot;,&quot;value&quot;:&quot;Select your Quiz&quot;}\" data-size=\"{&quot;type&quot;:&quot;static&quot;,&quot;value&quot;:&quot;Tiny&quot;}\" class=\"\"></zyllio-text><zyllio-grid style=\"--value-color: var(--theme-text-color); --value-font-size: var(--theme-font-size); --font-size: var(--theme-font-size); --horizontal-align: start; --padding: 10px; --color: #ffffff; --selected-color: #ffffff; --background-color: rgba(0,0,0,0.26); --selected-background-color: rgba(253,161,18,1); --border-width: 0px; --border-color: #000000; --border-radius: 10px;\" id=\"008118\" data-display-condition=\"{&quot;type&quot;:&quot;condition&quot;,&quot;condition&quot;:{&quot;id&quot;:&quot;&quot;,&quot;name&quot;:&quot;&quot;,&quot;rule&quot;:&quot;and&quot;,&quot;criteria&quot;:[]}}\" data-value=\"{&quot;type&quot;:&quot;row-variable&quot;,&quot;tableId&quot;:&quot;cba319aa33a6&quot;,&quot;variableName&quot;:&quot;Quiz&quot;}\" data-label=\"{&quot;type&quot;:&quot;static&quot;,&quot;value&quot;:&quot;&quot;}\" data-table=\"{&quot;type&quot;:&quot;table&quot;,&quot;tableId&quot;:&quot;cba319aa33a6&quot;}\" data-title=\"{&quot;type&quot;:&quot;column&quot;,&quot;tableId&quot;:&quot;cba319aa33a6&quot;,&quot;columnName&quot;:&quot;Name&quot;}\" data-subtitle=\"{&quot;type&quot;:&quot;column&quot;,&quot;tableId&quot;:&quot;cba319aa33a6&quot;,&quot;columnName&quot;:&quot;&quot;}\" data-image=\"{&quot;type&quot;:&quot;column&quot;,&quot;tableId&quot;:&quot;cba319aa33a6&quot;,&quot;columnName&quot;:&quot;Image&quot;}\" data-items-per-row=\"{&quot;type&quot;:&quot;static&quot;,&quot;value&quot;:&quot;2&quot;}\" data-size=\"{&quot;type&quot;:&quot;static&quot;,&quot;value&quot;:&quot;Small&quot;}\" data-image-layout=\"{&quot;type&quot;:&quot;static&quot;,&quot;value&quot;:&quot;Portrait&quot;}\" data-filter=\"{&quot;type&quot;:&quot;filter&quot;,&quot;tableId&quot;:&quot;cba319aa33a6&quot;,&quot;filter&quot;:{&quot;id&quot;:&quot;&quot;,&quot;name&quot;:&quot;&quot;,&quot;rule&quot;:&quot;and&quot;,&quot;criteria&quot;:[]}}\" data-sort=\"{&quot;type&quot;:&quot;sort&quot;,&quot;tableId&quot;:&quot;cba319aa33a6&quot;,&quot;columnName&quot;:&quot;&quot;,&quot;asc&quot;:true}\" data-profile=\"{&quot;type&quot;:&quot;static&quot;,&quot;value&quot;:&quot;false&quot;}\" data-display-badge=\"{&quot;type&quot;:&quot;static&quot;,&quot;value&quot;:&quot;true&quot;}\" class=\"\"></zyllio-grid><zyllio-button style=\"--button-width: 260px; --icon1: ; --icon2: ; --horizontal-align: center; --vertical-align: center; --text-decoration: none; --font-size: var(--theme-font-size); --font-weight: normal; --font-style: normal; --color: var(--theme-secondary-text-color); --background-color: rgba(22,72,133,1); --background-image: none; --border-width: 0px; --border-color: rgba(0,0,0,1); --border-radius: 25px; --box-shadow: none;\" id=\"771183\" data-display-condition=\"{&quot;type&quot;:&quot;condition&quot;,&quot;condition&quot;:{&quot;id&quot;:&quot;&quot;,&quot;name&quot;:&quot;&quot;,&quot;rule&quot;:&quot;and&quot;,&quot;criteria&quot;:[]}}\" data-text=\"{&quot;type&quot;:&quot;static&quot;,&quot;value&quot;:&quot;Start&quot;}\" data-action=\"{&quot;type&quot;:&quot;action&quot;,&quot;actionFlow&quot;:{&quot;id&quot;:&quot;&quot;,&quot;firstStepId&quot;:&quot;4&quot;,&quot;actionSteps&quot;:[{&quot;action&quot;:{&quot;id&quot;:&quot;set-variable&quot;,&quot;name&quot;:&quot;Set variable&quot;,&quot;properties&quot;:[{&quot;id&quot;:&quot;name&quot;,&quot;name&quot;:&quot;Variable&quot;,&quot;value&quot;:{&quot;type&quot;:&quot;simple-variable&quot;,&quot;variableName&quot;:&quot;score&quot;}},{&quot;id&quot;:&quot;value&quot;,&quot;name&quot;:&quot;Value&quot;,&quot;value&quot;:{&quot;type&quot;:&quot;static&quot;,&quot;value&quot;:&quot;0&quot;}}]},&quot;id&quot;:&quot;2&quot;,&quot;transitions&quot;:[{&quot;id&quot;:&quot;complete&quot;,&quot;next&quot;:&quot;3&quot;}]},{&quot;action&quot;:{&quot;id&quot;:&quot;set-variable&quot;,&quot;name&quot;:&quot;Set variable&quot;,&quot;properties&quot;:[{&quot;id&quot;:&quot;name&quot;,&quot;name&quot;:&quot;Variable&quot;,&quot;value&quot;:{&quot;type&quot;:&quot;simple-variable&quot;,&quot;variableName&quot;:&quot;sequence&quot;}},{&quot;id&quot;:&quot;value&quot;,&quot;name&quot;:&quot;Value&quot;,&quot;value&quot;:{&quot;type&quot;:&quot;static&quot;,&quot;value&quot;:&quot;1&quot;}}]},&quot;id&quot;:&quot;3&quot;,&quot;transitions&quot;:[{&quot;id&quot;:&quot;complete&quot;}]},{&quot;id&quot;:&quot;4&quot;,&quot;action&quot;:{&quot;id&quot;:&quot;set-row-variable&quot;,&quot;name&quot;:&quot;Set selection variable&quot;,&quot;properties&quot;:[{&quot;id&quot;:&quot;name&quot;,&quot;name&quot;:&quot;Variable&quot;,&quot;value&quot;:{&quot;type&quot;:&quot;row-variable&quot;,&quot;variableName&quot;:&quot;Questions&quot;,&quot;tableId&quot;:&quot;2931570e3f1f&quot;}},{&quot;id&quot;:&quot;table&quot;,&quot;name&quot;:&quot;Table&quot;,&quot;value&quot;:{&quot;type&quot;:&quot;row-column-variable&quot;,&quot;columnVariable&quot;:{&quot;field&quot;:&quot;Questions&quot;,&quot;name&quot;:&quot;Quiz&quot;}}},{&quot;id&quot;:&quot;value&quot;,&quot;name&quot;:&quot;Value&quot;,&quot;value&quot;:{&quot;type&quot;:&quot;static&quot;,&quot;value&quot;:&quot;First&quot;}},{&quot;id&quot;:&quot;filter&quot;,&quot;name&quot;:&quot;Filter&quot;,&quot;value&quot;:{&quot;type&quot;:&quot;filter&quot;,&quot;tableId&quot;:&quot;2931570e3f1f&quot;,&quot;filter&quot;:{&quot;id&quot;:&quot;&quot;,&quot;name&quot;:&quot;&quot;,&quot;rule&quot;:&quot;and&quot;,&quot;criteria&quot;:[]}}}]},&quot;transitions&quot;:[{&quot;id&quot;:&quot;complete&quot;,&quot;next&quot;:&quot;2&quot;}]}]}}\" class=\"\" transition=\"4\"></zyllio-button>","top":90,"left":159,"styles":[{"id":"display","value":"flex"},{"id":"flex-direction","value":"column"},{"id":"gap","value":"0px"},{"id":"width","value":"360px"},{"id":"height","value":"811px"},{"id":"background-color","value":"var(--theme-background-color)"},{"id":"background-image","value":"none"},{"id":"background-repeat","value":"no-repeat"},{"id":"icon","value":""}],"isFirst":true},{"id":"4","label":"Questions","htmlContent":"<zyllio-header style=\"--icon1: '\\f2ca'; --icon2: '\\f217'; --horizontal-align: center; --vertical-align: center; --text-decoration: none; --font-size: var(--theme-font-size); --font-weight: normal; --font-style: normal; --color: var(--theme-primary-text-color); --background-color: rgba(58,138,241,1); --border-width: 0px; --border-color: rgba(0,0,0,1); --border-radius: 0px;\" id=\"409919\" data-display-condition=\"{&quot;type&quot;:&quot;condition&quot;,&quot;condition&quot;:{&quot;id&quot;:&quot;&quot;,&quot;name&quot;:&quot;&quot;,&quot;rule&quot;:&quot;and&quot;,&quot;criteria&quot;:[]}}\" data-text=\"{&quot;type&quot;:&quot;row-column-variable&quot;,&quot;columnVariable&quot;:{&quot;name&quot;:&quot;Quiz&quot;,&quot;field&quot;:&quot;Name&quot;}}\" data-display-button=\"{&quot;type&quot;:&quot;static&quot;,&quot;value&quot;:&quot;false&quot;}\" data-action=\"{&quot;type&quot;:&quot;action&quot;,&quot;actionFlow&quot;:{&quot;id&quot;:&quot;&quot;,&quot;firstStepId&quot;:&quot;&quot;,&quot;actionSteps&quot;:[]}}\" class=\"\"></zyllio-header><zyllio-progress style=\"--icon1: '\\f2fc';--color: var(--theme-text-color);--background-color: var(--theme-tertiary-color);--fill-color: var(--theme-secondary-color);\" id=\"191711\" data-display-condition=\"{&quot;type&quot;:&quot;condition&quot;,&quot;condition&quot;:{&quot;id&quot;:&quot;&quot;,&quot;name&quot;:&quot;&quot;,&quot;rule&quot;:&quot;and&quot;,&quot;criteria&quot;:[]}}\" data-value=\"{&quot;type&quot;:&quot;formula&quot;,&quot;formula&quot;:{&quot;values&quot;:[{&quot;id&quot;:&quot;number&quot;,&quot;name&quot;:&quot;Number&quot;,&quot;properties&quot;:[{&quot;id&quot;:&quot;number&quot;,&quot;name&quot;:&quot;Number&quot;,&quot;value&quot;:{&quot;type&quot;:&quot;simple-variable&quot;,&quot;variableName&quot;:&quot;sequence&quot;}}],&quot;format&quot;:{&quot;type&quot;:&quot;number&quot;,&quot;value&quot;:{&quot;decimals&quot;:&quot;2&quot;,&quot;unit&quot;:&quot;&quot;}}}]}}\" data-label=\"{&quot;type&quot;:&quot;static&quot;,&quot;value&quot;:&quot;Progression&quot;}\" data-maximum=\"{&quot;type&quot;:&quot;formula&quot;,&quot;formula&quot;:{&quot;values&quot;:[{&quot;id&quot;:&quot;count-rows&quot;,&quot;name&quot;:&quot;Count rows&quot;,&quot;properties&quot;:[{&quot;id&quot;:&quot;table&quot;,&quot;name&quot;:&quot;Table&quot;,&quot;value&quot;:{&quot;type&quot;:&quot;row-column-variable&quot;,&quot;columnVariable&quot;:{&quot;name&quot;:&quot;Quiz&quot;,&quot;field&quot;:&quot;Questions&quot;}}},{&quot;id&quot;:&quot;filter&quot;,&quot;name&quot;:&quot;Filter&quot;,&quot;value&quot;:{&quot;type&quot;:&quot;static&quot;,&quot;value&quot;:&quot;&quot;,&quot;tableId&quot;:&quot;2931570e3f1f&quot;,&quot;filter&quot;:{&quot;id&quot;:&quot;&quot;,&quot;name&quot;:&quot;&quot;,&quot;rule&quot;:&quot;and&quot;,&quot;criteria&quot;:[]}}}],&quot;format&quot;:{&quot;type&quot;:&quot;whole-number&quot;}}]}}\" data-shape=\"{&quot;type&quot;:&quot;static&quot;,&quot;value&quot;:&quot;Bar&quot;}\" class=\"\"></zyllio-progress><zyllio-text style=\"--horizontal-align: start; --vertical-align: center; --text-decoration: none; --font-size: var(--theme-font-size); --font-weight: normal; --font-style: normal; --color: var(--theme-text-color); --background-color: #ffffff00; --background-image: none; --padding: 0; --border-width: 0px; --border-color: rgba(0,0,0,1); --border-radius: 0px;\" id=\"330805\" data-display-condition=\"{&quot;type&quot;:&quot;condition&quot;,&quot;condition&quot;:{&quot;id&quot;:&quot;&quot;,&quot;name&quot;:&quot;&quot;,&quot;rule&quot;:&quot;and&quot;,&quot;criteria&quot;:[]}}\" data-text=\"{&quot;type&quot;:&quot;row-column-variable&quot;,&quot;columnVariable&quot;:{&quot;name&quot;:&quot;Questions&quot;,&quot;field&quot;:&quot;Question&quot;}}\" data-size=\"{&quot;type&quot;:&quot;static&quot;,&quot;value&quot;:&quot;Medium&quot;}\" class=\"\"></zyllio-text><zyllio-form-radio style=\"--font-size: var(--theme-font-size); --color: var(--theme-tertiary-text-color); --icon-color: rgba(255,255,255,1); --icon1: ; --background-image: url('./api/applications/6593ebe539a9/assets/blue-button.png'); --background-color: #ffffff00; --padding: 10px; --border-width: 0px; --border-color: #a8b9c4ff; --border-radius: 20px;\" id=\"559643\" data-display-condition=\"{&quot;type&quot;:&quot;condition&quot;,&quot;condition&quot;:{&quot;id&quot;:&quot;&quot;,&quot;name&quot;:&quot;&quot;,&quot;rule&quot;:&quot;and&quot;,&quot;criteria&quot;:[]}}\" data-value=\"{&quot;type&quot;:&quot;simple-variable&quot;,&quot;variableName&quot;:&quot;response&quot;}\" data-label=\"{&quot;type&quot;:&quot;row-column-variable&quot;,&quot;columnVariable&quot;:{&quot;name&quot;:&quot;Questions&quot;,&quot;field&quot;:&quot;Response 1&quot;}}\" class=\"\"></zyllio-form-radio><zyllio-form-radio style=\"--font-size: var(--theme-font-size); --color: var(--theme-tertiary-text-color); --icon-color: rgba(255,255,255,1); --icon1: ; --background-image: url('./api/applications/6593ebe539a9/assets/green-button.png'); --background-color: #ffffff00; --padding: 10px; --border-width: 0px; --border-color: #a8b9c4ff; --border-radius: 20px;\" id=\"456608\" data-display-condition=\"{&quot;type&quot;:&quot;condition&quot;,&quot;condition&quot;:{&quot;id&quot;:&quot;&quot;,&quot;name&quot;:&quot;&quot;,&quot;rule&quot;:&quot;and&quot;,&quot;criteria&quot;:[]}}\" data-value=\"{&quot;type&quot;:&quot;simple-variable&quot;,&quot;variableName&quot;:&quot;response&quot;}\" data-label=\"{&quot;type&quot;:&quot;row-column-variable&quot;,&quot;columnVariable&quot;:{&quot;name&quot;:&quot;Questions&quot;,&quot;field&quot;:&quot;Response 2&quot;}}\" class=\"\"></zyllio-form-radio><zyllio-form-radio style=\"--font-size: var(--theme-font-size); --color: var(--theme-tertiary-text-color); --icon-color: rgba(255,255,255,1); --icon1: ; --background-image: url('./api/applications/6593ebe539a9/assets/red-button.png'); --background-color: #ffffff00; --padding: 10px; --border-width: 0px; --border-color: #a8b9c4ff; --border-radius: 20px;\" id=\"916565\" data-display-condition=\"{&quot;type&quot;:&quot;condition&quot;,&quot;condition&quot;:{&quot;id&quot;:&quot;&quot;,&quot;name&quot;:&quot;&quot;,&quot;rule&quot;:&quot;and&quot;,&quot;criteria&quot;:[]}}\" data-value=\"{&quot;type&quot;:&quot;simple-variable&quot;,&quot;variableName&quot;:&quot;response&quot;}\" data-label=\"{&quot;type&quot;:&quot;row-column-variable&quot;,&quot;columnVariable&quot;:{&quot;name&quot;:&quot;Questions&quot;,&quot;field&quot;:&quot;Response 3&quot;}}\" class=\"\"></zyllio-form-radio><zyllio-form-radio style=\"--font-size: var(--theme-font-size); --color: var(--theme-tertiary-text-color); --icon-color: rgba(255,255,255,1); --icon1: ; --background-image: url('./api/applications/6593ebe539a9/assets/yellow-button.png'); --background-color: #ffffff00; --padding: 10px; --border-width: 0px; --border-color: #a8b9c4ff; --border-radius: 20px;\" id=\"693603\" data-display-condition=\"{&quot;type&quot;:&quot;condition&quot;,&quot;condition&quot;:{&quot;id&quot;:&quot;&quot;,&quot;name&quot;:&quot;&quot;,&quot;rule&quot;:&quot;and&quot;,&quot;criteria&quot;:[]}}\" data-value=\"{&quot;type&quot;:&quot;simple-variable&quot;,&quot;variableName&quot;:&quot;response&quot;}\" data-label=\"{&quot;type&quot;:&quot;row-column-variable&quot;,&quot;columnVariable&quot;:{&quot;name&quot;:&quot;Questions&quot;,&quot;field&quot;:&quot;Response 4&quot;}}\" class=\"\"></zyllio-form-radio><zyllio-button style=\"--button-width: 260px; --icon1: ; --icon2: ; --horizontal-align: center; --vertical-align: center; --text-decoration: none; --font-size: var(--theme-font-size); --font-weight: normal; --font-style: normal; --color: var(--theme-secondary-text-color); --background-color: rgba(22,72,133,1); --background-image: none; --border-width: 0px; --border-color: rgba(0,0,0,1); --border-radius: 25px; --box-shadow: none;\" id=\"500128\" data-display-condition=\"{&quot;type&quot;:&quot;condition&quot;,&quot;condition&quot;:{&quot;id&quot;:&quot;&quot;,&quot;name&quot;:&quot;&quot;,&quot;rule&quot;:&quot;and&quot;,&quot;criteria&quot;:[]}}\" data-text=\"{&quot;type&quot;:&quot;static&quot;,&quot;value&quot;:&quot;Continue&quot;}\" data-action=\"{&quot;type&quot;:&quot;action&quot;,&quot;actionFlow&quot;:{&quot;id&quot;:&quot;&quot;,&quot;firstStepId&quot;:&quot;3&quot;,&quot;actionSteps&quot;:[{&quot;action&quot;:{&quot;id&quot;:&quot;increment&quot;,&quot;name&quot;:&quot;Increment&quot;,&quot;properties&quot;:[{&quot;id&quot;:&quot;name&quot;,&quot;name&quot;:&quot;Variable&quot;,&quot;value&quot;:{&quot;type&quot;:&quot;simple-variable&quot;,&quot;variableName&quot;:&quot;sequence&quot;}}]},&quot;id&quot;:&quot;3&quot;,&quot;transitions&quot;:[{&quot;id&quot;:&quot;complete&quot;,&quot;next&quot;:&quot;9&quot;}]},{&quot;id&quot;:&quot;6&quot;,&quot;action&quot;:{&quot;id&quot;:&quot;decision-point&quot;,&quot;name&quot;:&quot;Decision point&quot;,&quot;properties&quot;:[{&quot;id&quot;:&quot;condition&quot;,&quot;name&quot;:&quot;Condition&quot;,&quot;value&quot;:{&quot;type&quot;:&quot;condition&quot;,&quot;condition&quot;:{&quot;id&quot;:&quot;&quot;,&quot;name&quot;:&quot;&quot;,&quot;rule&quot;:&quot;and&quot;,&quot;criteria&quot;:[{&quot;operand1&quot;:{&quot;value&quot;:{&quot;type&quot;:&quot;simple-variable&quot;,&quot;variableName&quot;:&quot;response&quot;}},&quot;operand2&quot;:{&quot;value&quot;:{&quot;type&quot;:&quot;row-column-variable&quot;,&quot;columnVariable&quot;:{&quot;field&quot;:&quot;Good response&quot;,&quot;name&quot;:&quot;Questions&quot;}}},&quot;operator&quot;:&quot;equals&quot;}]}}}]},&quot;transitions&quot;:[{&quot;id&quot;:&quot;true&quot;,&quot;next&quot;:&quot;7&quot;},{&quot;id&quot;:&quot;false&quot;,&quot;next&quot;:&quot;11&quot;}]},{&quot;id&quot;:&quot;7&quot;,&quot;action&quot;:{&quot;id&quot;:&quot;increment&quot;,&quot;name&quot;:&quot;Increment&quot;,&quot;properties&quot;:[{&quot;id&quot;:&quot;name&quot;,&quot;name&quot;:&quot;Variable&quot;,&quot;value&quot;:{&quot;type&quot;:&quot;simple-variable&quot;,&quot;variableName&quot;:&quot;score&quot;}}]},&quot;transitions&quot;:[{&quot;id&quot;:&quot;complete&quot;,&quot;next&quot;:&quot;8&quot;}]},{&quot;id&quot;:&quot;8&quot;,&quot;action&quot;:{&quot;id&quot;:&quot;set-row-variable&quot;,&quot;name&quot;:&quot;Set selection variable&quot;,&quot;properties&quot;:[{&quot;id&quot;:&quot;name&quot;,&quot;name&quot;:&quot;Variable&quot;,&quot;value&quot;:{&quot;type&quot;:&quot;row-variable&quot;,&quot;variableName&quot;:&quot;Questions&quot;,&quot;tableId&quot;:&quot;2931570e3f1f&quot;}},{&quot;id&quot;:&quot;table&quot;,&quot;name&quot;:&quot;Table&quot;,&quot;value&quot;:{&quot;type&quot;:&quot;row-column-variable&quot;,&quot;columnVariable&quot;:{&quot;field&quot;:&quot;Questions&quot;,&quot;name&quot;:&quot;Quiz&quot;}}},{&quot;id&quot;:&quot;value&quot;,&quot;name&quot;:&quot;Value&quot;,&quot;value&quot;:{&quot;type&quot;:&quot;static&quot;,&quot;value&quot;:&quot;Next&quot;}},{&quot;id&quot;:&quot;filter&quot;,&quot;name&quot;:&quot;Filter&quot;,&quot;value&quot;:{&quot;type&quot;:&quot;filter&quot;,&quot;tableId&quot;:&quot;2931570e3f1f&quot;,&quot;filter&quot;:{&quot;id&quot;:&quot;&quot;,&quot;name&quot;:&quot;&quot;,&quot;rule&quot;:&quot;and&quot;,&quot;criteria&quot;:[]}}}]},&quot;transitions&quot;:[{&quot;id&quot;:&quot;complete&quot;}]},{&quot;id&quot;:&quot;9&quot;,&quot;action&quot;:{&quot;id&quot;:&quot;decision-point&quot;,&quot;name&quot;:&quot;Decision point&quot;,&quot;properties&quot;:[{&quot;id&quot;:&quot;condition&quot;,&quot;name&quot;:&quot;Condition&quot;,&quot;value&quot;:{&quot;type&quot;:&quot;condition&quot;,&quot;condition&quot;:{&quot;id&quot;:&quot;&quot;,&quot;name&quot;:&quot;&quot;,&quot;rule&quot;:&quot;and&quot;,&quot;criteria&quot;:[{&quot;operand1&quot;:{&quot;value&quot;:{&quot;type&quot;:&quot;simple-variable&quot;,&quot;variableName&quot;:&quot;sequence&quot;}},&quot;operand2&quot;:{&quot;value&quot;:{&quot;type&quot;:&quot;formula&quot;,&quot;formula&quot;:{&quot;values&quot;:[{&quot;id&quot;:&quot;count-rows&quot;,&quot;name&quot;:&quot;Count rows&quot;,&quot;properties&quot;:[{&quot;id&quot;:&quot;table&quot;,&quot;name&quot;:&quot;Table&quot;,&quot;value&quot;:{&quot;type&quot;:&quot;row-column-variable&quot;,&quot;columnVariable&quot;:{&quot;field&quot;:&quot;Questions&quot;,&quot;name&quot;:&quot;Quiz&quot;}}},{&quot;id&quot;:&quot;filter&quot;,&quot;name&quot;:&quot;Filter&quot;,&quot;value&quot;:{&quot;type&quot;:&quot;filter&quot;,&quot;tableId&quot;:&quot;2931570e3f1f&quot;,&quot;filter&quot;:{&quot;id&quot;:&quot;&quot;,&quot;name&quot;:&quot;&quot;,&quot;rule&quot;:&quot;and&quot;,&quot;criteria&quot;:[]}}}],&quot;format&quot;:{&quot;type&quot;:&quot;whole-number&quot;}}]}}},&quot;operator&quot;:&quot;greater-than&quot;}]}}}]},&quot;transitions&quot;:[{&quot;id&quot;:&quot;true&quot;,&quot;next&quot;:&quot;10&quot;},{&quot;id&quot;:&quot;false&quot;,&quot;next&quot;:&quot;6&quot;}]},{&quot;id&quot;:&quot;10&quot;,&quot;action&quot;:{&quot;id&quot;:&quot;goto&quot;,&quot;name&quot;:&quot;Go to screen&quot;,&quot;properties&quot;:[{&quot;id&quot;:&quot;screen&quot;,&quot;name&quot;:&quot;Screen&quot;,&quot;value&quot;:{&quot;type&quot;:&quot;screen&quot;,&quot;screenId&quot;:&quot;8&quot;}}]},&quot;transitions&quot;:[{&quot;id&quot;:&quot;complete&quot;}]},{&quot;id&quot;:&quot;11&quot;,&quot;action&quot;:{&quot;id&quot;:&quot;set-row-variable&quot;,&quot;name&quot;:&quot;Set selection variable&quot;,&quot;properties&quot;:[{&quot;id&quot;:&quot;name&quot;,&quot;name&quot;:&quot;Variable&quot;,&quot;value&quot;:{&quot;type&quot;:&quot;row-variable&quot;,&quot;variableName&quot;:&quot;Questions&quot;,&quot;tableId&quot;:&quot;2931570e3f1f&quot;}},{&quot;id&quot;:&quot;table&quot;,&quot;name&quot;:&quot;Table&quot;,&quot;value&quot;:{&quot;type&quot;:&quot;row-column-variable&quot;,&quot;columnVariable&quot;:{&quot;field&quot;:&quot;Questions&quot;,&quot;name&quot;:&quot;Quiz&quot;}}},{&quot;id&quot;:&quot;value&quot;,&quot;name&quot;:&quot;Value&quot;,&quot;value&quot;:{&quot;type&quot;:&quot;static&quot;,&quot;value&quot;:&quot;Next&quot;}},{&quot;id&quot;:&quot;filter&quot;,&quot;name&quot;:&quot;Filter&quot;,&quot;value&quot;:{&quot;type&quot;:&quot;filter&quot;,&quot;tableId&quot;:&quot;2931570e3f1f&quot;,&quot;filter&quot;:{&quot;id&quot;:&quot;&quot;,&quot;name&quot;:&quot;&quot;,&quot;rule&quot;:&quot;and&quot;,&quot;criteria&quot;:[]}}}]},&quot;transitions&quot;:[{&quot;id&quot;:&quot;complete&quot;}]}]}}\" class=\"\"></zyllio-button>","top":90,"left":660,"styles":[{"id":"display","value":"flex"},{"id":"flex-direction","value":"column"},{"id":"gap","value":"0px"},{"id":"width","value":"360px"},{"id":"height","value":"811px"},{"id":"background-color","value":"var(--theme-background-color)"},{"id":"background-image","value":"none"},{"id":"background-repeat","value":"no-repeat"},{"id":"icon","value":""}],"isFirst":false}],"tables":[{"id":"2931570e3f1f","name":"Questions","type":"internal","columns":[{"name":"Question","type":"text","relation":{}},{"name":"Quiz","type":"text","relation":{}},{"name":"Good response","type":"text","relation":{}},{"name":"Response 1","type":"text","relation":{}},{"name":"Response 2","type":"text","relation":{}},{"name":"Response 3","type":"text","relation":{}},{"name":"Response 4","type":"text","relation":{}}],"position":{"top":144.57142857142856,"left":672.8571428571429}},{"id":"cba319aa33a6","name":"Quiz","type":"internal","columns":[{"name":"Name","type":"text","relation":{}},{"name":"Image","type":"image","relation":{}},{"name":"Questions","type":"relation-n","relation":{"fromColumn":"Name","toTable":"Questions","toColumn":"Quiz"}}],"position":{"top":340.71428571428567,"left":164.42857142857142}}],"zoom":0.7000000000000001,"plugins":{"plugins":[]},"theme":{"primaryColor":"#164885","primaryTextColor":"#ffffff","secondaryColor":"rgba(253,161,18,1)","secondaryTextColor":"#ffffff","tertiaryColor":"rgba(0,0,0,0.219)","tertiaryTextColor":"rgba(255,255,255,1)","backgroundColor":"rgba(58,138,241,1)","textColor":"rgba(255,255,255,1)","rtl":false,"fontFamily":"Margarine","fontSize":"16px"},"security":{"apiKey":"908711bc3b8e1ih8f0gembkf9a73klf1oken"},"settings":{"pwa":{"url":"https://zyllio.app/apps/6593ebe539a9/index.html"},"native":{"appId":"blank","appName":"blank","appVersion":1021},"zapier":{"enabled":false,"apiKey":"908711bc3b8epgpm84bpcajcm2pi414fo8h"},"airtable":{"enabled":false,"apiKey":"","database":"","token":""},"stripe":{"enabled":false,"token":"","publicKey":"","production":false,"currency":"USD"},"notion":{"enabled":false,"apiKey":"","database":""},"spreadsheet":{"enabled":false,"apiKey":"","database":""},"make":{"enabled":false,"apiKey":"908711bc3b8ep755flob5ppe7e22ldj40mn3"},"twilio":{"enabled":false,"apiKey":"","account":""},"timetonic":{"enabled":false,"apiKey":"","userId":""},"gmail":{"enabled":false,"apiKey":""},"pushNotification":{"enabled":false},"customDomain":{"enabled":false,"domain":""},"rest":{"enabled":false,"configurations":[]},"openai":{"enabled":false,"apiKey":""},"offline":{"enabled":false},"googleFonts":{"enabled":false}},"cache":{"entries":{}},"host":"https://www.zyllio.one"}